,Unnamed: 0.1,Endo_id,uniprot,ensembl
0,0,END00066,P06213,ENST00000341500
1,1,END00068,P30968,ENST00000420975
2,2,END00069,Q92847,ENST00000427970
3,3,END00071,P16471,ENST00000397391
4,4,END00072,P34998,ENST00000457569
5,5,END00073,P34998,ENST00000457569
6,6,END00074,P34998,ENST00000457569
7,7,END00075,P34998,ENST00000457569
8,8,END00076,P34998,ENST00000457569
9,9,END00077,P34998,ENST00000457569
10,10,END00078,P34998,ENST00000457569
11,11,END00079,P34998,ENST00000457569
12,12,END00080,P34998,ENST00000457569
13,13,END00084,Q02643,ENST00000434774
14,14,END00089,Q92847,ENST00000427970
15,15,END00093,P16471,ENST00000397391
16,16,END00116,P23945,ENST00000454032
17,17,END00119,P22888,ENST00000428232
18,18,END00120,P22888,ENST00000428232
19,19,END00121,P23945,ENST00000454032
20,20,END00123,P34981,ENST00000311762
21,21,END00125,Q01718,ENST00000399821
22,22,END00127,P22888,ENST00000428232
23,23,END00131,P23945,ENST00000454032
24,24,END00134,P22888,ENST00000428232
25,25,END00135,P48546,ENST00000263281
26,26,END00136,Q02643,ENST00000434774
27,27,END00138,P14416,ENST00000362072
28,28,END00139,P48357,ENST00000431694
29,29,END00140,P04150,ENST00000454007
30,30,END00143,P08235,ENST00000358102
31,31,END00144,Q01726,ENST00000315491
32,32,END00146,empty,empty
33,33,END00147,empty,empty
34,34,END00148,Q15761,ENST00000338566
35,35,END00152,Q01718,ENST00000399821
36,36,END00153,Q01718,ENST00000399821
37,37,END00154,P08887,ENST00000368485
38,38,END00155,P08887,ENST00000368485
39,39,END00156,P08887,ENST00000368485
40,40,END00157,P10828,ENST00000456926
41,41,END00158,P21205,ENST00000450525
42,42,END00159,P37243,ENST00000456926
43,43,END00160,Q04771,ENST00000440523
44,44,END00161,Q04771,ENST00000440523
45,45,END00163,P30872,ENST00000455187
46,46,END00164,P30872,ENST00000455187
47,47,END00166,P30872,ENST00000455187
48,48,END00167,P30872,ENST00000455187
49,49,END00169,P30874,ENST00000357585
50,50,END00170,P30874,ENST00000357585
51,51,END00171,P30874,ENST00000357585
52,52,END00173,P30874,ENST00000357585
53,53,END00174,P30874,ENST00000357585
54,54,END00175,P35346,ENST00000397547
55,55,END00176,P35346,ENST00000397547
56,56,END00177,P35346,ENST00000397547
57,57,END00179,P35346,ENST00000397547
58,58,END00180,P32745,ENST00000402501
59,59,END00182,P32745,ENST00000402501
60,60,END00183,P32745,ENST00000402501
61,61,END00184,P31391,ENST00000255008
62,62,END00185,P31391,ENST00000255008
63,63,END00187,P31391,ENST00000255008
64,64,END00188,P31391,ENST00000255008
65,65,END00189,P31391,ENST00000255008
66,66,END00190,P30874,ENST00000357585
67,67,END00191,P10912,ENST00000357703
68,68,END00194,P08069,ENST00000427922
69,69,END00195,P11717,ENST00000407414
70,70,END00196,P08069,ENST00000427922
71,71,END00201,P37288,ENST00000299178
72,72,END00202,P30518,ENST00000434679
73,73,END00203,P30518,ENST00000434679
74,74,END00204,P30874,ENST00000357585
75,75,END00205,P35346,ENST00000397547
76,76,END00207,P47871,ENST00000400723
77,77,END00208,P47871,ENST00000400723
78,78,END00209,P47871,ENST00000400723
79,79,END00210,P47871,ENST00000400723
80,80,END00211,P47871,ENST00000400723
81,81,END00212,P47871,ENST00000400723
82,82,END00213,P47871,ENST00000400723
83,83,END00214,P47871,ENST00000400723
84,84,END00215,Q01718,ENST00000399821
85,85,END00216,P06213,ENST00000341500
86,86,END00218,P06213,ENST00000341500
87,87,END00219,P06213,ENST00000341500
88,88,END00221,P16473,ENST00000412429
89,89,END00222,P10275,ENST00000396044
90,90,END00224,P10275,ENST00000396044
91,91,END00225,P10275,ENST00000396044
92,92,END00226,P06401,ENST00000325455
93,93,END00228,P06401-2,ENST00000325455
94,94,END00229,Q92731,ENST00000358599
95,95,END00230,O60755,ENST00000249041
96,96,END00231,O60755,ENST00000249041
97,97,END00232,O60755,ENST00000249041
98,98,END00233,O60755,ENST00000249041
99,99,END00234,O60755,ENST00000249041
100,100,END00235,O60755,ENST00000249041
101,101,END00236,O60755,ENST00000249041
102,102,END00237,O43603,ENST00000329003
103,103,END00238,O43603,ENST00000329003
104,104,END00240,O43603,ENST00000329003
105,105,END00242,P10828,ENST00000456926
106,106,END00244,P16471,ENST00000397391
107,107,END00245,P16471,ENST00000397391
108,108,END00246,P16471,ENST00000397391
109,109,END00247,P16471,ENST00000397391
110,110,END00248,P47901,ENST00000367126
111,111,END00249,P16473,ENST00000412429
112,112,END00251,P14416,ENST00000362072
113,113,END00252,P21728,ENST00000393752
114,114,END00254,P21917,empty
115,115,END00255,P16471,ENST00000397391
116,116,END00256,P14416,ENST00000362072
117,117,END00257,P14416,ENST00000362072
118,118,END00258,P14416,ENST00000362072
119,119,END00260,P21918,ENST00000304374
120,120,END00261,P21918,ENST00000304374
121,121,END00262,Q15761,ENST00000338566
122,122,END00263,Q15761,ENST00000338566
123,123,END00265,Q15761,ENST00000338566
124,124,END00266,P14416,ENST00000362072
125,125,END00267,Q01726,ENST00000315491
126,126,END00268,P33032,ENST00000324750
127,127,END00269,P41968,ENST00000371389
128,128,END00270,Q01718,ENST00000399821
129,129,END00271,P48357,ENST00000431694
130,130,END00273,P47901,ENST00000367126
131,131,END00274,P03372,ENST00000456483
132,132,END00275,P03372,ENST00000456483
133,133,END00276,Q92731,ENST00000358599
134,134,END00277,Q92731,ENST00000358599
135,135,END00278,Q92731,ENST00000358599
136,136,END00279,Q92731,ENST00000358599
137,137,END00280,Q92731,ENST00000358599
138,138,END00281,P03372,ENST00000456483
139,139,END00282,Q92731,ENST00000358599
140,140,END00283,P06401,ENST00000325455
141,141,END00284,P03372,ENST00000456483
142,142,END00285,Q92731,ENST00000358599
143,143,END00286,P06401-1,ENST00000325455
144,144,END00287,P06401-2,ENST00000325455
145,145,END00288,P10275,ENST00000396044
146,146,END00289,P03372,ENST00000456483
147,147,END00290,Q92731,ENST00000358599
148,148,END00291,P06401-1,ENST00000325455
149,149,END00292,P06401-2,ENST00000325455
150,150,END00293,P10275,ENST00000396044
151,151,END00294,P03372,ENST00000456483
152,152,END00295,Q92731,ENST00000358599
153,153,END00296,P06401-1,ENST00000325455
154,154,END00297,P06401-2,ENST00000325455
155,155,END00299,P03372,ENST00000456483
156,156,END00301,P06401-1,ENST00000325455
157,157,END00302,P06401-2,ENST00000325455
158,158,END00303,P10275,ENST00000396044
159,159,END00304,P03372,ENST00000456483
160,160,END00305,Q92731,ENST00000358599
161,161,END00306,P10275,ENST00000396044
162,162,END00307,P03372,ENST00000456483
163,163,END00308,Q92731,ENST00000358599
164,164,END00309,P10275,ENST00000396044
165,165,END00311,P27930,ENST00000457817
166,166,END00312,P14778,ENST00000452403
167,167,END00313,P14778,ENST00000452403
168,168,END00314,P10275,ENST00000396044
169,169,END00315,Q92731,ENST00000358599
170,170,END00318,P03372,ENST00000456483
171,171,END00320,P04150,ENST00000454007
172,172,END00321,P21205,ENST00000450525
173,173,END00322,P21205,ENST00000450525
174,174,END00323,P10828,ENST00000456926
175,175,END00324,P10826,ENST00000458646
176,176,END00325,P10276,ENST00000441856
177,177,END00326,P48443,ENST00000367891
178,178,END00327,P28702,ENST00000456979
179,179,END00328,P04150,ENST00000454007
180,180,END00329,P04150,ENST00000454007
181,181,END00331,P04150,ENST00000454007
182,182,END00332,P04150,ENST00000454007
183,183,END00334,P04150,ENST00000454007
184,184,END00335,P04150,ENST00000454007
185,185,END00336,P04150,ENST00000454007
186,186,END00337,P04150,ENST00000454007
187,187,END00338,P04150,ENST00000454007
188,188,END00339,P04150,ENST00000454007
189,189,END00340,P04150,ENST00000454007
190,190,END00341,P04150,ENST00000454007
191,191,END00342,P04150,ENST00000454007
192,192,END00343,P04150,ENST00000454007
193,193,END00344,P04150,ENST00000454007
194,194,END00345,P04150,ENST00000454007
195,195,END00346,P04150,ENST00000454007
196,196,END00347,P04150,ENST00000454007
197,197,END00349,O43613,ENST00000455402
198,198,END00350,O43614,ENST00000370862
199,199,END00352,P03372,ENST00000456483
200,200,END00353,Q92847,ENST00000427970
201,201,END00354,P16471,ENST00000397391
202,202,END00355,P41968,ENST00000371389
203,203,END00356,P32245,ENST00000299766
204,204,END00357,Q99705,ENST00000381433
205,205,END00358,Q99705,ENST00000381433
206,206,END00359,Q99705,ENST00000381433
207,207,END00360,P34998,ENST00000457569
208,208,END00361,P34998,ENST00000457569
209,209,END00362,Q13324,ENST00000452278
210,210,END00363,Q13324,ENST00000452278
211,211,END00364,P37231,ENST00000455517
212,212,END00365,P37231,ENST00000455517
213,213,END00366,P37231,ENST00000455517
214,214,END00368,P37231,ENST00000455517
215,215,END00370,P37231,ENST00000455517
216,216,END00371,P37231,ENST00000455517
217,217,END00374,P37231,ENST00000455517
218,218,END00375,P37231,ENST00000455517
219,219,END00377,P37231,ENST00000455517
220,220,END00379,P37231,ENST00000455517
221,221,END00381,P37231,ENST00000455517
222,222,END00382,P37231,ENST00000455517
223,223,END00383,P37231,ENST00000455517
224,224,END00384,P37231,ENST00000455517
225,225,END00385,P37231,ENST00000455517
226,226,END00386,P37231,ENST00000455517
227,227,END00387,P37231,ENST00000455517
228,228,END00389,P37231,ENST00000455517
229,229,END00390,P37231,ENST00000455517
230,230,END00391,P37231,ENST00000455517
231,231,END00392,P37231,ENST00000455517
232,232,END00394,P03372,ENST00000456483
233,233,END00395,P03372,ENST00000456483
234,234,END00396,P03372,ENST00000456483
235,235,END00398,Q92731,ENST00000358599
236,236,END00399,P03372,ENST00000456483
237,237,END00401,P11473,ENST00000395324
238,238,END00402,P11473,ENST00000395324
239,239,END00403,P06401,ENST00000325455
240,240,END00405,Q92731,ENST00000358599
241,241,END00406,Q92731,ENST00000358599
242,242,END00407,Q92731,ENST00000358599
243,243,END00408,P03372,ENST00000456483
244,244,END00409,Q92731,ENST00000358599
245,245,END00410,P03372,ENST00000456483
246,246,END00411,Q92731,ENST00000358599
247,247,END00412,Q9H3N8,ENST00000426880
248,248,END00413,Q9H3N8,ENST00000426880
249,249,END00414,P25021,ENST00000393749
250,250,END00415,Q9Y5N1,ENST00000456442
251,251,END00416,Q9Y5N1,ENST00000456442
252,252,END00417,Q9Y5N1,ENST00000456442
253,253,END00418,P35367,ENST00000438284
254,254,END00419,P35367,ENST00000438284
255,255,END00420,P35367,ENST00000438284
256,256,END00421,P35367,ENST00000438284
257,257,END00422,P35367,ENST00000438284
258,258,END00423,P35367,ENST00000438284
259,259,END00424,P35367,ENST00000438284
260,260,END00426,P35367,ENST00000438284
261,261,END00427,P25021,ENST00000393749
262,262,END00428,P25021,ENST00000393749
263,263,END00429,P25021,ENST00000393749
264,264,END00430,P25021,ENST00000393749
265,265,END00431,P25021,ENST00000393749
266,266,END00432,P25021,ENST00000393749
267,267,END00433,P25021,ENST00000393749
268,268,END00434,P25021,ENST00000393749
269,269,END00435,P25021,ENST00000393749
270,270,END00437,P25021,ENST00000393749
271,271,END00438,Q9H3N8,ENST00000426880
272,272,END00439,Q9H3N8,ENST00000426880
273,273,END00440,Q9H3N8,ENST00000426880
274,274,END00441,Q9H3N8,ENST00000426880
275,275,END00443,Q9H3N8,ENST00000426880
276,276,END00444,Q9H3N8,ENST00000426880
277,277,END00445,Q9H3N8,ENST00000426880
278,278,END00447,Q9H3N8,ENST00000426880
279,279,END00448,Q9H3N8,ENST00000426880
280,280,END00449,Q9H3N8,ENST00000426880
281,281,END00450,Q9H3N8,ENST00000426880
282,282,END00451,Q9H3N8,ENST00000426880
283,283,END00452,Q9H3N8,ENST00000426880
284,284,END00454,P11473,ENST00000395324
285,285,END00455,P30988,ENST00000426151
286,286,END00456,Q03431,ENST00000449590
287,287,END00457,empty,empty
288,288,END00458,P36897,ENST00000374994
289,289,END00459,P37173,ENST00000439925
290,290,END00460,P37173,ENST00000439925
291,291,END00461,P36897,ENST00000374994
292,292,END00462,P21802,ENST00000457416
293,293,END00464,P48039,ENST00000307161
294,294,END00466,P49286,ENST00000257068
295,295,END00467,O95665,ENST00000306928
296,296,END00468,P30989,ENST00000370501
297,297,END00469,P30989,ENST00000370501
298,298,END00470,P30989,ENST00000370501
299,299,END00471,P30989,ENST00000370501
300,300,END00473,P30989,ENST00000370501
301,301,END00474,P30989,ENST00000370501
302,302,END00475,P08588,ENST00000369295
303,303,END00476,P07550,ENST00000305988
304,304,END00477,P13945,ENST00000345060
305,305,END00478,P08588,ENST00000369295
306,306,END00479,P07550,ENST00000305988
307,307,END00481,Q16602,ENST00000447403
308,308,END00482,Q16602,ENST00000447403
309,309,END00483,Q16602,ENST00000447403
310,310,END00484,Q16602,ENST00000447403
311,311,END00486,Q16602,ENST00000447403
312,312,END00488,Q16602,ENST00000447403
313,313,END00489,Q16602,ENST00000447403
314,314,END00490,Q16602,ENST00000447403
315,315,END00491,Q16602,ENST00000447403
316,316,END00492,P10275,ENST00000396044
317,317,END00493,P37173,ENST00000439925
318,318,END00494,P32239,ENST00000334619
319,319,END00495,P30556,ENST00000404754
320,320,END00496,P08235,ENST00000358102
321,321,END00497,P08235,ENST00000358102
322,322,END00498,P08235,ENST00000358102
323,323,END00499,P08235,ENST00000358102
324,324,END00500,P08235,ENST00000358102
325,325,END00501,P32238,ENST00000295589
326,326,END00502,empty,empty
327,327,END00503,P14416,ENST00000362072
328,328,END00504,P14416,ENST00000362072
329,329,END00505,P14416,ENST00000362072
330,330,END00506,P21728,ENST00000393752
331,331,END00508,P21917,empty
332,332,END00509,P21918,ENST00000304374
333,333,END00510,P21917,empty
334,334,END00511,P21917,empty
335,335,END00512,P21917,empty
336,336,END00513,P08588,ENST00000369295
337,337,END00514,P35348,ENST00000380587
338,338,END00515,P35368,ENST00000306675
339,339,END00516,P35348,ENST00000380587
340,340,END00517,P35368,ENST00000306675
341,341,END00518,P25100,ENST00000379453
342,342,END00519,P08913,ENST00000449894
343,343,END00520,P18089,ENST00000409345
344,344,END00521,P18825,ENST00000330055
345,345,END00522,P35348,ENST00000380587
346,346,END00523,P35368,ENST00000306675
347,347,END00524,P25100,ENST00000379453
348,348,END00525,P18089,ENST00000409345
349,349,END00526,P35348,ENST00000380587
350,350,END00527,P35368,ENST00000306675
351,351,END00528,P25100,ENST00000379453
352,352,END00529,P08913,ENST00000449894
353,353,END00530,P18089,ENST00000409345
354,354,END00531,P18825,ENST00000330055
355,355,END00532,P08913,ENST00000449894
356,356,END00533,P18089,ENST00000409345
357,357,END00534,P35348,ENST00000380587
358,358,END00535,P08913,ENST00000449894
359,359,END00536,P18089,ENST00000409345
360,360,END00537,P08913,ENST00000449894
361,361,END00538,P18089,ENST00000409345
362,362,END00539,P35368,ENST00000306675
363,363,END00540,P08913,ENST00000449894
364,364,END00541,P18089,ENST00000409345
365,365,END00542,Q13639,ENST00000444006
366,366,END00543,Q13639,ENST00000444006
367,367,END00544,Q13639,ENST00000444006
368,368,END00545,Q13639,ENST00000444006
369,369,END00546,Q13639,ENST00000444006
370,370,END00547,Q13639,ENST00000444006
371,371,END00548,Q13639,ENST00000444006
372,372,END00549,Q13639,ENST00000444006
373,373,END00550,Q02763,ENST00000406359
374,374,END00551,Q02763,ENST00000406359
375,375,END00552,Q02763,ENST00000406359
376,376,END00553,Q02763,ENST00000406359
377,377,END00554,Q02763,ENST00000406359
378,378,END00555,Q02763,ENST00000406359
379,379,END00556,P04278,ENST00000380450
380,380,END00557,P34995,ENST00000292513
381,381,END00558,P34995,ENST00000292513
382,382,END00559,P34995,ENST00000292513
383,383,END00560,P34995,ENST00000292513
384,384,END00561,P43116,ENST00000245457
385,385,END00562,P43116,ENST00000245457
386,386,END00563,P43115,ENST00000414819
387,387,END00564,P43115,ENST00000414819
388,388,END00565,P43115,ENST00000414819
389,389,END00567,P43115,ENST00000414819
390,390,END00568,P35408,ENST00000302472
391,391,END00569,P35408,ENST00000302472
392,392,END00570,P35408,ENST00000302472
393,393,END00571,P35408,ENST00000302472
394,394,END00572,P35408,ENST00000302472
395,395,END00573,P35408,ENST00000302472
396,396,END00574,P35408,ENST00000302472
397,397,END00575,P35408,ENST00000302472
398,398,END00576,P43088,ENST00000370758
399,399,END00577,P43088,ENST00000370758
400,400,END00579,P43088,ENST00000370758
401,401,END00581,P43119,ENST00000291294
402,402,END00582,P43119,ENST00000291294
403,403,END00583,P43119,ENST00000291294
404,404,END00584,P34995,ENST00000292513
405,405,END00585,P35408,ENST00000302472
406,406,END00586,P43116,ENST00000245457
407,407,END00587,P25942,ENST00000372285
408,408,END00588,P25942,ENST00000372285
409,409,END00589,P40189,ENST00000423954
410,410,END00590,Q14626,ENST00000441545
411,411,END00591,Q14626,ENST00000441545
412,412,END00592,P08887,ENST00000368485
413,413,END00594,P37173,ENST00000439925
414,414,END00595,Q9NR97,ENST00000311912
415,415,END00596,Q9NR97,ENST00000311912
416,416,END00598,Q9NR97,ENST00000311912
417,417,END00599,O60603,ENST00000260010
418,418,END00600,O60603,ENST00000260010
419,419,END00601,O60603,ENST00000260010
420,420,END00602,O60603,ENST00000260010
421,421,END00603,O60603,ENST00000260010
422,422,END00604,O15455,ENST00000296795
423,423,END00605,O15455,ENST00000296795
424,424,END00606,O15455,ENST00000296795
425,425,END00607,O00206,ENST00000394487
426,426,END00608,O00206,ENST00000394487
427,427,END00609,O00206,ENST00000394487
428,428,END00610,O00206,ENST00000394487
429,429,END00611,O00206,ENST00000394487
430,430,END00612,O00206,ENST00000394487
431,431,END00613,O60602,ENST00000407096
432,432,END00614,O60602,ENST00000407096
433,433,END00615,O60602,ENST00000407096
434,434,END00616,O60602,ENST00000407096
435,435,END00617,Q9Y2C9,ENST00000440845
436,436,END00618,Q9Y2C9,ENST00000440845
437,437,END00619,Q9NYK1,ENST00000380659
438,438,END00620,Q9NYK1,ENST00000380659
439,439,END00621,Q9NYK1,ENST00000380659
440,440,END00622,Q9NYK1,ENST00000380659
441,441,END00623,Q9NYK1,ENST00000380659
442,442,END00624,Q9NYK1,ENST00000380659
443,443,END00625,Q9NR96,ENST00000423623
444,444,END00626,Q9NR96,ENST00000423623
445,445,END00627,Q9NR96,ENST00000423623
446,446,END00628,Q9NR96,ENST00000423623
447,447,END00629,Q9NR96,ENST00000423623
448,448,END00631,Q9NR96,ENST00000423623
449,449,END00632,Q9BXR5,ENST00000361424
450,450,END00633,Q9BXR5,ENST00000361424
451,451,END00634,Q9BXR5,ENST00000361424
452,452,END00635,Q9BXR5,ENST00000361424
453,453,END00636,Q9BXR5,ENST00000361424
454,454,END00637,Q99467,ENST00000256447
455,455,END00638,Q99467,ENST00000256447
456,456,END00639,Q99467,ENST00000256447
457,457,END00640,P27037,ENST00000404590
458,458,END00641,Q04771,ENST00000440523
459,459,END00642,Q04771,ENST00000440523
460,460,END00643,P14778,ENST00000452403
461,461,END00644,P48357,ENST00000431694
462,462,END00645,P48357,ENST00000431694
463,463,END00646,P48357,ENST00000431694
464,464,END00647,P42702,ENST00000453190
465,465,END00648,P36896,ENST00000426655
466,466,END00649,Q13705,ENST00000352511
467,467,END00650,P27037,ENST00000404590
468,468,END00651,Q03167,ENST00000417833
469,469,END00652,Q03167,ENST00000417833
470,470,END00653,P36897,ENST00000374994
471,471,END00654,P36897,ENST00000374994
472,472,END00655,P37173,ENST00000439925
473,473,END00656,Q9NP59,ENST00000455320
474,474,END00657,Q9NP59,ENST00000455320
475,475,END00658,Q9NP59,ENST00000455320
476,476,END00659,Q9UP52,ENST00000431692
477,477,END00660,P08887,ENST00000368485
478,478,END00661,Q9NP59,ENST00000455320
479,479,END00662,Q9UP52,ENST00000431692
480,480,END00663,Q9UP52,ENST00000431692
481,481,END00666,P25024,ENST00000421691
482,482,END00667,Q96F46,ENST00000425985
483,483,END00668,P02786,ENST00000426789
484,484,END00669,Q9NP59,ENST00000455320
485,485,END00670,P02786,ENST00000426789
486,486,END00686,P37231-1,ENST00000455517
487,487,END00688,P37231-1,ENST00000455517
488,488,END00689,P37231-1,ENST00000455517
489,489,END00691,P37231-1,ENST00000455517
490,490,END00692,P37231-1,ENST00000455517
491,491,END00693,P37231-1,ENST00000455517
492,492,END00694,P29275,ENST00000304222
493,493,END00695,P34981,ENST00000311762
494,494,END00696,Q03431,ENST00000449590
495,495,END00698,P11473,ENST00000395324
496,496,END00699,Q03431,ENST00000449590
497,497,END00700,O00300,ENST00000297350
498,498,END00701,P43115,ENST00000414819
499,499,END00702,P43115,ENST00000414819
500,500,END00703,P35408,ENST00000302472
501,501,END00704,P35408,ENST00000302472
502,502,END00705,P07333,ENST00000394307
503,503,END00706,Q03431,ENST00000449590
504,504,END00707,P20333,ENST00000400863
505,505,END00708,P19438,ENST00000440083
506,506,END00709,P03372,ENST00000456483
507,507,END00710,P55290,ENST00000446376
508,508,END00711,P55290,ENST00000446376
509,509,END00712,P08069,ENST00000427922
510,510,END00714,P48357,ENST00000431694
511,511,END00715,P48357,ENST00000431694
512,512,END00725,P30556,ENST00000404754
513,513,END00726,P30556,ENST00000404754
514,514,END00727,P30556,ENST00000404754
515,515,END00728,P30556,ENST00000404754
516,516,END00729,P30556,ENST00000404754
517,517,END00731,P30556,ENST00000404754
518,518,END00732,P30556,ENST00000404754
519,519,END00733,P50052,ENST00000371906
520,520,END00734,P50052,ENST00000371906
521,521,END00735,P50052,ENST00000371906
522,522,END00736,P50052,ENST00000371906
523,523,END00737,P50052,ENST00000371906
524,524,END00738,P50052,ENST00000371906
525,525,END00739,P50052,ENST00000371906
526,526,END00740,P07333,ENST00000394307
527,527,END00741,P48357,ENST00000431694
528,528,END00742,P48357,ENST00000431694
529,529,END00743,Q01726,ENST00000315491
530,530,END00744,Q01726,ENST00000315491
531,531,END00745,Q01726,ENST00000315491
532,532,END00746,Q01726,ENST00000315491
533,533,END00747,Q01726,ENST00000315491
534,534,END00748,Q01726,ENST00000315491
535,535,END00749,Q01726,ENST00000315491
536,536,END00750,P15509,ENST00000432318
537,537,END00751,P07333,ENST00000394307
538,538,END00752,P07333,ENST00000394307
539,539,END00753,P07333,ENST00000394307
540,540,END00754,P07333,ENST00000394307
541,541,END00755,P10721,ENST00000412167
542,542,END00756,P10721,ENST00000412167
543,543,END00757,P32927,ENST00000421539
544,544,END00758,Q01344,ENST00000456302
545,545,END00759,Q01344,ENST00000456302
546,546,END00761,empty,empty
547,547,END00762,P78552,ENST00000371666
548,548,END00763,P24394,ENST00000449195
549,549,END00764,P00533,ENST00000455089
550,550,END00765,P07550,ENST00000305988
551,551,END00766,Q16602,ENST00000447403
552,552,END00767,P32241,ENST00000450274
553,553,END00768,P25929,ENST00000296533
554,554,END00769,P30411,ENST00000306005
555,555,END00770,P46663,ENST00000216629
556,556,END00771,P37231-2,ENST00000455517
557,557,END00772,P37231-2,ENST00000455517
558,558,END00774,P37231-2,ENST00000455517
559,559,END00775,P37231-2,ENST00000455517
560,560,END00776,P37231-2,ENST00000455517
561,561,END00777,P37231-2,ENST00000455517
562,562,END00779,P37231-2,ENST00000455517
563,563,END00781,P19793,ENST00000356384
564,564,END00783,P19793,ENST00000356384
565,565,END00784,Q9Y6Q6,ENST00000382790
566,566,END00785,P06756,ENST00000433736
567,567,END00786,P06756,ENST00000433736
568,568,END00787,P10912,ENST00000357703
569,569,END00790,Q03431,ENST00000449590
570,570,END00791,P08069,ENST00000427922
571,571,END00792,empty,empty
572,572,END00793,P22607,ENST00000440486
573,573,END00794,P11362,ENST00000447712
574,574,END00795,P10828,ENST00000456926
575,575,END00797,P21205,ENST00000450525
576,576,END00800,P37243,ENST00000456926
577,577,END00801,empty,empty
578,578,END00802,P10827,ENST00000450525
579,579,END00803,P16473,ENST00000412429
580,580,END00804,P16473,ENST00000412429
581,581,END00805,P16070,ENST00000449691
582,582,END00806,P16070,ENST00000449691
583,583,END00807,P16070,ENST00000449691
584,584,END00808,P16671,ENST00000447544
585,585,END00809,P16671,ENST00000447544
586,586,END00810,P16671,ENST00000447544
587,587,END00811,P16671,ENST00000447544
588,588,END00812,P16671,ENST00000447544
589,589,END00813,P16671,ENST00000447544
590,590,END00814,P16671,ENST00000447544
591,591,END00815,P16671,ENST00000447544
592,592,END00816,P16671,ENST00000447544
593,593,END00817,P16671,ENST00000447544
594,594,END00818,P16671,ENST00000447544
595,595,END00819,O00300,ENST00000297350
596,596,END00820,P08865,ENST00000458478
597,597,END00821,P08865,ENST00000458478
598,598,END00822,P08865,ENST00000458478
599,599,END00823,P08865,ENST00000458478
600,600,END00824,P08865,ENST00000458478
601,601,END00825,P08865,ENST00000458478
602,602,END00826,P08865,ENST00000458478
603,603,END00827,P08865,ENST00000458478
604,604,END00828,P08865,ENST00000458478
605,605,END00829,P43220,ENST00000373256
606,606,END00830,P18825,ENST00000330055
607,607,END00831,P07550,ENST00000305988
608,608,END00832,P30872,ENST00000455187
609,609,END00833,P30874,ENST00000357585
610,610,END00835,P35346,ENST00000397547
611,611,END00836,P32745,ENST00000402501
612,612,END00837,P35346,ENST00000397547
613,613,END00838,P30872,ENST00000455187
614,614,END00839,P30874,ENST00000357585
615,615,END00840,P32745,ENST00000402501
616,616,END00841,O15218,ENST00000300098
617,617,END00842,P30874,ENST00000357585
618,618,END00843,P35346,ENST00000397547
619,619,END00844,P32745,ENST00000402501
620,620,END00845,P31391,ENST00000255008
621,621,END00846,P06213,ENST00000341500
622,622,END00847,P43220,ENST00000373256
623,623,END00848,P43220,ENST00000373256
624,624,END00849,O95838,ENST00000458005
625,625,END00850,O95838,ENST00000458005
626,626,END00851,O95838,ENST00000458005
627,627,END00852,O95838,ENST00000458005
628,628,END00853,O95838,ENST00000458005
629,629,END00855,Q04912,ENST00000451369
630,630,END00856,Q04912,ENST00000451369
631,631,END00857,P05556,ENST00000437302
632,632,END00858,P05556,ENST00000437302
633,633,END00859,Q13873,ENST00000445231
634,634,END00860,Q13873,ENST00000445231
635,635,END00861,Q13873,ENST00000445231
636,636,END00863,P36894,ENST00000372037
637,637,END00865,P50895,ENST00000391955
638,638,END00866,P50895,ENST00000391955
639,639,END00867,P50895,ENST00000391955
640,640,END00868,P50895,ENST00000391955
641,641,END00869,P50895,ENST00000391955
642,642,END00870,P50895,ENST00000391955
643,643,END00872,P50895,ENST00000391955
644,644,END00873,Q9UP38,ENST00000287934
645,645,END00874,Q9UP38,ENST00000287934
646,646,END00875,Q9UP38,ENST00000287934
647,647,END00876,Q9UP38,ENST00000287934
648,648,END00877,Q9UP38,ENST00000287934
649,649,END00878,Q9UP38,ENST00000287934
650,650,END00879,Q9UP38,ENST00000287934
651,651,END00880,P28336,ENST00000258042
652,652,END00881,P28336,ENST00000258042
653,653,END00882,O75197,ENST00000294304
654,654,END00884,P48357,ENST00000431694
655,655,END00885,Q9UP38,ENST00000287934
656,656,END00886,Q9UP38,ENST00000287934
657,657,END00888,Q9NPG1,ENST00000240093
658,658,END00889,Q9NPG1,ENST00000240093
659,659,END00890,Q9NPG1,ENST00000240093
660,660,END00891,Q9NPG1,ENST00000240093
661,661,END00892,Q9NPG1,ENST00000240093
662,662,END00893,Q9NPG1,ENST00000240093
663,663,END00894,Q9NPG1,ENST00000240093
664,664,END00895,O00144,ENST00000344575
665,665,END00896,O00144,ENST00000344575
666,666,END00897,O00144,ENST00000344575
667,667,END00898,O00144,ENST00000344575
668,668,END00899,O00144,ENST00000344575
669,669,END00900,Q9ULW2,ENST00000229030
670,670,END00901,Q9ULW2,ENST00000229030
671,671,END00902,Q9ULW2,ENST00000229030
672,672,END00903,Q9ULW2,ENST00000229030
673,673,END00904,Q9ULW2,ENST00000229030
674,674,END00906,Q9ULW2,ENST00000229030
675,675,END00907,Q9ULW2,ENST00000229030
676,676,END00908,Q9ULW2,ENST00000229030
677,677,END00909,Q9ULW2,ENST00000229030
678,678,END00910,Q9ULW2,ENST00000229030
679,679,END00911,Q9ULW2,ENST00000229030
680,680,END00912,Q9ULW2,ENST00000229030
681,681,END00913,Q9ULW2,ENST00000229030
682,682,END00914,Q14332,ENST00000315323
683,683,END00915,Q14332,ENST00000315323
684,684,END00916,Q14332,ENST00000315323
685,685,END00917,Q14332,ENST00000315323
686,686,END00918,Q14332,ENST00000315323
687,687,END00919,Q14332,ENST00000315323
688,688,END00920,Q14332,ENST00000315323
689,689,END00921,Q14332,ENST00000315323
690,690,END00922,Q14332,ENST00000315323
691,691,END00923,Q14332,ENST00000315323
692,692,END00924,Q14332,ENST00000315323
693,693,END00925,Q9H461,ENST00000374694
694,694,END00926,Q9H461,ENST00000374694
695,695,END00927,Q9H461,ENST00000374694
696,696,END00928,Q9H461,ENST00000374694
697,697,END00929,O75084,ENST00000286201
698,698,END00930,O75084,ENST00000286201
699,699,END00931,Q96MU8,ENST00000453585
700,700,END00932,Q96MU8,ENST00000453585
701,701,END00933,Q8NCW0,ENST00000451815
702,702,END00934,Q8NCW0,ENST00000451815
703,703,END00935,Q13635,ENST00000450369
704,704,END00936,Q13635,ENST00000450369
705,705,END00938,Q13635,ENST00000450369
706,706,END00939,Q13635,ENST00000450369
707,707,END00940,Q13635,ENST00000450369
708,708,END00941,Q13635,ENST00000450369
709,0,END00943,O14786,ENST00000455749
710,1,END00945,O14786,ENST00000455749
711,2,END00946,O14786,ENST00000455749
712,3,END00947,O14786,ENST00000455749
713,4,END00949,O14786,ENST00000455749
714,5,END00950,O14786,ENST00000455749
715,6,END00951,O14786,ENST00000455749
716,7,END00952,O14786,ENST00000455749
717,8,END00953,O14786,ENST00000455749
718,9,END00960,P08172,ENST00000453373
719,10,END00962,P08912,ENST00000383263
720,11,END00964,P30988,ENST00000426151
721,12,END00965,P30988,ENST00000426151
722,13,END00966,O43613,ENST00000455402
723,14,END00967,P06213,ENST00000341500
724,15,END00968,P50391,ENST00000395716
725,16,END00969,P50391,ENST00000395716
726,17,END00970,P50391,ENST00000395716
727,18,END00971,P50391,ENST00000395716
728,19,END00972,Q9Y5U5,ENST00000379268
729,20,END00973,Q9Y5U5,ENST00000379268
730,21,END00975,P25942,ENST00000372285
731,22,END00976,Q96RJ3,ENST00000291232
732,23,END00977,Q96RJ3,ENST00000291232
733,24,END00978,Q96RJ3,ENST00000291232
734,25,END00979,Q96RJ3,ENST00000291232
735,26,END00980,Q02223,ENST00000435355
736,27,END00981,Q9Y4D7,ENST00000393239
737,28,END00982,Q9Y4D7,ENST00000393239
738,29,END00983,Q9Y4D7,ENST00000393239
739,30,END00984,Q9Y4D7,ENST00000393239
740,31,END00985,Q9Y4D7,ENST00000393239
741,32,END00986,Q9Y4D7,ENST00000393239
742,33,END00988,Q9Y4D7,ENST00000393239
743,34,END00989,Q9Y4D7,ENST00000393239
744,35,END00990,Q9Y4D7,ENST00000393239
745,36,END00991,Q9Y4D7,ENST00000393239
746,37,END00992,Q9Y4D7,ENST00000393239
747,38,END00993,Q9Y4D7,ENST00000393239
748,39,END00994,Q9Y4D7,ENST00000393239
749,40,END00995,Q9Y4D7,ENST00000393239
750,41,END00996,Q9Y4D7,ENST00000393239
751,42,END00997,Q9Y4D7,ENST00000393239
752,43,END00998,Q9Y4D7,ENST00000393239
753,44,END01000,Q9Y4D7,ENST00000393239
754,45,END01001,Q9GZZ7,ENST00000412824
755,46,END01002,Q9NP84,ENST00000341627
756,47,END01003,Q9NP84,ENST00000341627
757,48,END01004,empty,empty
758,49,END01005,O14786,ENST00000455749
759,50,END01006,O75051,ENST00000367033
760,51,END01007,O75051,ENST00000367033
761,52,END01008,O75051,ENST00000367033
762,53,END01010,Q9Y271,ENST00000373304
763,54,END01012,Q9Y271,ENST00000373304
764,55,END01013,Q9Y271,ENST00000373304
765,56,END01014,Q9Y271,ENST00000373304
766,57,END01015,Q9Y271,ENST00000373304
767,58,END01016,Q9Y271,ENST00000373304
768,59,END01017,Q9Y271,ENST00000373304
769,60,END01018,Q9NS75,ENST00000282018
770,61,END01019,Q9NS75,ENST00000282018
771,62,END01020,Q9NS75,ENST00000282018
772,63,END01021,Q9NS75,ENST00000282018
773,64,END01022,Q9NS75,ENST00000282018
774,65,END01023,Q9NS75,ENST00000282018
775,66,END01024,Q9Y271,ENST00000373304
776,67,END01025,Q9NS75,ENST00000282018
777,68,END01027,Q9NP84,ENST00000341627
778,69,END01028,Q9NP84,ENST00000341627
779,70,END01029,Q9NP84,ENST00000341627
780,71,END01030,Q9NP84,ENST00000341627
781,72,END01031,P49146,ENST00000393843
782,73,END01032,P49146,ENST00000393843
783,74,END01033,P49146,ENST00000393843
784,75,END01034,P49146,ENST00000393843
785,76,END01035,P49146,ENST00000393843
786,77,END01036,P49146,ENST00000393843
787,78,END01037,P49146,ENST00000393843
788,79,END01038,P50391,ENST00000395716
789,80,END01041,P48145,ENST00000331251
790,81,END01042,P48145,ENST00000331251
791,82,END01043,P48145,ENST00000331251
792,83,END01044,P48145,ENST00000331251
793,84,END01045,P48145,ENST00000331251
794,85,END01046,P48145,ENST00000331251
795,86,END01047,P35968,ENST00000263923
796,87,END01048,P17948,ENST00000282397
797,88,END01049,O14786,ENST00000455749
798,89,END01050,P17948,ENST00000282397
799,90,END01051,P17948,ENST00000282397
800,91,END01053,P17948,ENST00000282397
801,92,END01054,P17948,ENST00000282397
802,93,END01055,P17948,ENST00000282397
803,94,END01056,P17948,ENST00000282397
804,95,END01057,P17948,ENST00000282397
805,96,END01059,P17948,ENST00000282397
806,97,END01061,P17948,ENST00000282397
807,98,END01062,P17948,ENST00000282397
808,99,END01063,P17948,ENST00000282397
809,100,END01064,P17948,ENST00000282397
810,101,END01065,P30556,ENST00000404754
811,102,END01066,P30556,ENST00000404754
812,103,END01067,P30556,ENST00000404754
813,104,END01068,P30556,ENST00000404754
814,105,END01069,P30556,ENST00000404754
815,106,END01070,P30556,ENST00000404754
816,107,END01071,O75787,ENST00000447485
817,108,END01072,O75787,ENST00000447485
818,109,END01074,O75787,ENST00000447485
819,110,END01075,O75787,ENST00000447485
820,111,END01078,P35414,ENST00000444275
821,112,END01079,P35414,ENST00000444275
822,113,END01080,P35414,ENST00000444275
823,114,END01081,P35414,ENST00000444275
824,115,END01082,P35414,ENST00000444275
825,116,END01083,P35414,ENST00000444275
826,117,END01084,P35414,ENST00000444275
827,118,END01085,P30550,ENST00000380289
828,119,END01086,P30550,ENST00000380289
829,120,END01087,P30550,ENST00000380289
830,121,END01089,P30550,ENST00000380289
831,122,END01090,P30550,ENST00000380289
832,123,END01091,P30550,ENST00000380289
833,124,END01092,P30550,ENST00000380289
834,125,END01093,P30550,ENST00000380289
835,126,END01094,P30550,ENST00000380289
836,127,END01095,P30550,ENST00000380289
837,128,END01096,Q9HB89,ENST00000305141
838,129,END01097,Q9HB89,ENST00000305141
839,130,END01098,Q9HB89,ENST00000305141
840,131,END01099,Q9HB89,ENST00000305141
841,132,END01100,Q9GZQ4,ENST00000255262
842,133,END01101,Q9GZQ4,ENST00000255262
843,134,END01102,Q9GZQ4,ENST00000255262
844,135,END01103,Q9GZQ4,ENST00000255262
845,136,END01105,Q9GZQ4,ENST00000255262
846,137,END01106,Q9GZQ4,ENST00000255262
847,138,END01107,Q9GZQ4,ENST00000255262
848,139,END01108,Q9GZQ4,ENST00000255262
849,140,END01109,Q9GZQ4,ENST00000255262
850,141,END01110,Q9GZQ4,ENST00000255262
851,142,END01111,Q9GZQ4,ENST00000255262
852,143,END01112,P41586,ENST00000436116
853,144,END01113,P41586,ENST00000436116
854,145,END01115,P41586,ENST00000436116
855,146,END01116,P41586,ENST00000436116
856,147,END01117,P41586,ENST00000436116
857,148,END01118,P41586,ENST00000436116
858,149,END01119,P32241,ENST00000450274
859,150,END01120,P32241,ENST00000450274
860,151,END01121,P32241,ENST00000450274
861,152,END01124,P32241,ENST00000450274
862,153,END01125,Q15722,ENST00000396789
863,154,END01126,Q15722,ENST00000396789
864,155,END01127,Q15722,ENST00000396789
865,156,END01129,Q15722,ENST00000396789
866,157,END01131,P08581,ENST00000456159
867,158,END01132,P08581,ENST00000456159
868,159,END01134,P08581,ENST00000456159
869,160,END01135,P08581,ENST00000456159
870,161,END01136,P08581,ENST00000456159
871,162,END01137,P08581,ENST00000456159
872,163,END01138,P08581,ENST00000456159
873,164,END01139,P08581,ENST00000456159
874,165,END01140,P08581,ENST00000456159
875,166,END01141,P08581,ENST00000456159
876,167,END01142,P08581,ENST00000456159
877,168,END01143,P08581,ENST00000456159
878,169,END01144,P35613,ENST00000396012
879,170,END01145,P35613,ENST00000396012
880,171,END01146,P35613,ENST00000396012
881,172,END01147,P35613,ENST00000396012
882,173,END01148,P35613,ENST00000396012
883,174,END01149,P35613,ENST00000396012
884,175,END01150,P35613,ENST00000396012
885,176,END01151,P35613,ENST00000396012
886,177,END01152,Q9Y5Y4,ENST00000332539
887,178,END01153,P25105,ENST00000373857
888,179,END01154,P25105,ENST00000373857
889,180,END01155,P25105,ENST00000373857
890,181,END01156,P25105,ENST00000373857
891,182,END01158,P19793,ENST00000356384
892,183,END01159,P19793,ENST00000356384
893,184,END01160,P19793,ENST00000356384
894,185,END01162,Q13133,ENST00000457932
895,186,END01163,Q13133,ENST00000457932
896,187,END01164,Q13133,ENST00000457932
897,188,END01165,Q13133,ENST00000457932
898,189,END01166,Q01344,ENST00000456302
899,190,END01167,Q01344,ENST00000456302
900,191,END01168,P24394,ENST00000449195
901,192,END01169,Q13651,ENST00000227752
902,193,END01170,Q13651,ENST00000227752
903,194,END01171,Q13651,ENST00000227752
904,195,END01172,Q13651,ENST00000227752
905,196,END01173,Q13651,ENST00000227752
906,197,END01174,Q13651,ENST00000227752
907,198,END01175,Q13651,ENST00000227752
908,199,END01176,Q13651,ENST00000227752
909,200,END01177,Q13651,ENST00000227752
910,201,END01179,Q13651,ENST00000227752
911,202,END01181,Q13651,ENST00000227752
912,203,END01182,P25025,ENST00000454148
913,204,END01183,Q13478,ENST00000410040
914,205,END01185,Q13478,ENST00000410040
915,206,END01187,Q13478,ENST00000410040
916,207,END01188,Q13478,ENST00000410040
917,208,END01189,Q13478,ENST00000410040
918,209,END01190,Q13478,ENST00000410040
919,210,END01191,Q13478,ENST00000410040
920,211,END01192,Q13478,ENST00000410040
921,212,END01193,Q92731,ENST00000358599
922,213,END01194,Q92731,ENST00000358599
923,214,END01195,P04150,ENST00000454007
924,215,END01196,P08571,ENST00000401743
925,216,END01197,P08571,ENST00000401743
926,217,END01198,P08571,ENST00000401743
927,218,END01199,Q92731,ENST00000358599
928,219,END01200,P07550,ENST00000305988
929,220,END01201,P07550,ENST00000305988
930,221,END01202,P21205,ENST00000450525
931,222,END01203,P10828,ENST00000456926
932,223,END01204,P10827,ENST00000450525
933,224,END01205,P37243,ENST00000456926
934,225,END01206,Q07869,ENST00000440343
935,226,END01208,Q07869,ENST00000440343
936,227,END01209,Q07869,ENST00000440343
937,228,END01211,P55055,ENST00000411902
938,229,END01213,Q14994,ENST00000442691
939,230,END01214,P04150,ENST00000454007
940,231,END01216,O75469,ENST00000441957
941,232,END01217,O75469,ENST00000441957
942,233,END01218,P37231,ENST00000455517
943,234,END01220,P11473,ENST00000395324
944,235,END01222,O00206,ENST00000394487
945,236,END01224,O00206,ENST00000394487
946,237,END01226,P08571,ENST00000401743
947,238,END01227,P25942,ENST00000372285
948,239,END01228,Q07869,ENST00000440343
949,240,END01236,Q9UNE0,ENST00000409271
950,241,END01237,Q9UNE0,ENST00000409271
951,242,END01238,Q9UNE0,ENST00000409271
952,243,END01240,Q9UNE0,ENST00000409271
953,244,END01242,P51681,ENST00000445772
954,245,END01243,P25445,ENST00000371875
955,246,END01244,P19438,ENST00000440083
956,247,END01245,P20333,ENST00000400863
957,248,END01246,O60603,ENST00000260010
958,249,END01247,O00206,ENST00000394487
959,250,END01248,P19438,ENST00000440083
960,251,END01249,P25445,ENST00000371875
961,252,END01250,P25445,ENST00000371875
962,253,END01251,P25105,ENST00000373857
963,254,END01252,P35968,ENST00000263923
964,255,END01253,P17948,ENST00000282397
965,256,END01254,P25942,ENST00000372285
966,257,END01255,Q02763,ENST00000406359
967,258,END01256,P25445,ENST00000371875
968,259,END01257,P25445,ENST00000371875
969,260,END01258,P00533,ENST00000455089
970,261,END01259,Q14512,ENST00000382333
971,262,END01260,Q14512,ENST00000382333
972,263,END01262,Q969F8,ENST00000234371
973,264,END01263,Q969F8,ENST00000234371
974,265,END01264,O14836,ENST00000437538
975,266,END01265,O14836,ENST00000437538
976,267,END01266,O14836,ENST00000437538
977,268,END01267,P34998,ENST00000457569
978,269,END01268,P34998,ENST00000457569
979,270,END01269,P34998,ENST00000457569
980,271,END01270,P34998,ENST00000457569
981,272,END01271,P34998,ENST00000457569
982,273,END01272,Q01718,ENST00000399821
983,274,END01273,P32246,ENST00000296140
984,275,END01274,P41597,ENST00000445132
985,276,END01275,P51681,ENST00000445772
986,277,END01276,P25024,ENST00000421691
987,278,END01277,P25025,ENST00000454148
988,279,END01278,P30991,empty
989,280,END01279,P08887,ENST00000368485
990,281,END01280,P08887,ENST00000368485
991,282,END01281,P15509,ENST00000432318
992,283,END01282,P24394,ENST00000449195
993,284,END01283,P14784,ENST00000453962
994,285,END01284,P27930,ENST00000457817
995,286,END01285,P19438,ENST00000440083
996,287,END01286,P37173,ENST00000439925
997,288,END01287,P19438,ENST00000440083
998,289,END01288,P19438,ENST00000440083
999,290,END01290,Q15399,ENST00000308979
1000,291,END01292,Q15399,ENST00000308979
1001,292,END01293,P48551,ENST00000451624
1002,293,END01294,P17181,ENST00000442357
1003,294,END01295,P49682,ENST00000373693
1004,295,END01296,P15260,ENST00000458076
1005,296,END01297,P25105,ENST00000373857
1006,297,END01298,P25105,ENST00000373857
1007,298,END01299,P25105,ENST00000373857
1008,299,END01300,P27930,ENST00000457817
1009,300,END01301,P27930,ENST00000457817
1010,301,END01302,P08571,ENST00000401743
1011,302,END01303,Q9NYK1,ENST00000380659
1012,303,END01304,Q9BXR5,ENST00000361424
1013,304,END01305,Q13651,ENST00000227752
1014,305,END01306,P08571,ENST00000401743
1015,306,END01307,O60603,ENST00000260010
1016,307,END01308,O00206,ENST00000394487
1017,308,END01309,Q9NR96,ENST00000423623
1018,309,END01310,P00533,ENST00000455089
1019,310,END01311,P19438,ENST00000440083
1020,311,END01312,P20333,ENST00000400863
1021,312,END01313,Q9NYK1,ENST00000380659
1022,313,END01314,O00206,ENST00000394487
1023,314,END01315,O60603,ENST00000260010
1024,315,END01316,O00206,ENST00000394487
1025,316,END01317,Q15399,ENST00000308979
1026,317,END01318,O15455,ENST00000296795
1027,318,END01319,O60602,ENST00000407096
1028,319,END01320,P00533,ENST00000455089
1029,320,END01321,P25105,ENST00000373857
1030,321,END01322,P00533,ENST00000455089
1031,322,END01323,P25105,ENST00000373857
1032,323,END01324,O00206,ENST00000394487
1033,324,END01325,Q15399,ENST00000308979
1034,325,END01326,O60603,ENST00000260010
1035,326,END01327,O15455,ENST00000296795
1036,327,END01328,O60602,ENST00000407096
1037,328,END01330,Q9NR96,ENST00000423623
1038,329,END01331,P08571,ENST00000401743
1039,330,END01332,O00206,ENST00000394487
1040,331,END01333,O00206,ENST00000394487
1041,332,END01334,P19438,ENST00000440083
1042,333,END01335,Q15399,ENST00000308979
1043,334,END01336,O60603,ENST00000260010
1044,335,END01337,O60602,ENST00000407096
1045,336,END01338,Q9Y2C9,ENST00000440845
1046,337,END01339,O15455,ENST00000296795
1047,338,END01340,Q15399,ENST00000308979
1048,339,END01341,O60603,ENST00000260010
1049,340,END01342,O15455,ENST00000296795
1050,341,END01343,O60602,ENST00000407096
1051,342,END01344,Q9Y2C9,ENST00000440845
1052,343,END01345,Q9BXR5,ENST00000361424
1053,344,END01346,Q15399,ENST00000308979
1054,345,END01347,O60603,ENST00000260010
1055,346,END01348,O15455,ENST00000296795
1056,347,END01349,O00206,ENST00000394487
1057,348,END01350,O60602,ENST00000407096
1058,349,END01351,Q9Y2C9,ENST00000440845
1059,350,END01352,Q9NYK1,ENST00000380659
1060,351,END01353,Q9NR97,ENST00000311912
1061,352,END01354,Q9NR96,ENST00000423623
1062,353,END01355,Q15722,ENST00000396789
1063,354,END01356,Q13478,ENST00000410040
1064,355,END01357,Q15399,ENST00000308979
1065,356,END01358,P25105,ENST00000373857
1066,357,END01359,P14778,ENST00000452403
1067,358,END01360,P14778,ENST00000452403
1068,359,END01361,P14778,ENST00000452403
1069,360,END01362,O00206,ENST00000394487
1070,361,END01363,Q9Y2C9,ENST00000440845
1071,362,END01364,Q15399,ENST00000308979
1072,363,END01365,Q9NR96,ENST00000423623
1073,364,END01366,Q9Y2C9,ENST00000440845
1074,365,END01367,O60603,ENST00000260010
1075,366,END01368,O15455,ENST00000296795
1076,367,END01369,O60602,ENST00000407096
1077,368,END01370,P08571,ENST00000401743
1078,369,END01371,P51677,ENST00000457243
1079,370,END01372,P19438,ENST00000440083
1080,371,END01373,P24394,ENST00000449195
1081,372,END01374,P24394,ENST00000449195
1082,373,END01375,empty,empty
1083,374,END01376,P31785,ENST00000456850
1084,375,END01377,P05556,ENST00000437302
1085,376,END01378,P05556,ENST00000437302
1086,377,END01379,empty,empty
1087,378,END01380,P43116,ENST00000245457
1088,379,END01381,P35408,ENST00000302472
1089,380,END01382,P43119,ENST00000291294
1090,381,END01383,P43115,ENST00000414819
1091,382,END01384,empty,empty
1092,383,END01385,Q9NPG1,ENST00000240093
1093,384,END01386,Q13651,ENST00000227752
1094,385,END01387,P25025,ENST00000454148
1095,386,END01388,P25024,ENST00000421691
1096,387,END01389,P49682,ENST00000373693
1097,388,END01390,P32302,ENST00000292174
1098,389,END01391,P30991,empty
1099,390,END01392,P49238,ENST00000435290
1100,391,END01393,P49238,ENST00000435290
1101,392,END01394,P32248,ENST00000246657
1102,393,END01395,P32248,ENST00000246657
1103,394,END01397,P51686,ENST00000422395
1104,395,END01398,P51686,ENST00000422395
1105,396,END01399,P51686,ENST00000422395
1106,397,END01400,O00590,ENST00000442925
1107,398,END01401,O00590,ENST00000442925
1108,399,END01402,P51677,ENST00000457243
1109,400,END01403,P51677,ENST00000457243
1110,401,END01404,P51677,ENST00000457243
1111,402,END01405,P51679,ENST00000330953
1112,403,END01407,P51679,ENST00000330953
1113,404,END01408,P51679,ENST00000330953
1114,405,END01409,P51679,ENST00000330953
1115,406,END01410,P51684,ENST00000400926
1116,407,END01413,P51679,ENST00000330953
1117,408,END01414,P32248,ENST00000246657
1118,409,END01415,P06729,ENST00000369478
1119,410,END01416,P35367,ENST00000438284
1120,411,END01417,P25021,ENST00000393749
1121,412,END01418,P01589,ENST00000447847
1122,413,END01419,P14784,ENST00000453962
1123,414,END01420,P31785,ENST00000456850
1124,415,END01421,P10747,ENST00000458610
1125,416,END01422,Q15399,ENST00000308979
1126,417,END01423,Q9H3N8,ENST00000426880
1127,418,END01424,P48357,ENST00000431694
1128,419,END01425,P37231,ENST00000455517
1129,420,END01426,P24394,ENST00000449195
1130,421,END01427,P31785,ENST00000456850
1131,422,END01428,empty,empty
1132,423,END01429,P06734,ENST00000394208
1133,424,END01430,P12319,ENST00000368115
1134,425,END01431,empty,empty
1135,426,END01432,P30273,ENST00000367992
1136,427,END01433,P30273,ENST00000367992
1137,428,END01434,P30273,ENST00000367992
1138,429,END01435,P30273,ENST00000367992
1139,430,END01436,P30273,ENST00000367992
1140,431,END01437,P30273,ENST00000367992
1141,432,END01438,P30273,ENST00000367992
1142,433,END01439,Q01362,ENST00000440896
1143,434,END01440,Q01362,ENST00000440896
1144,435,END01441,P12319,ENST00000368115
1145,436,END01442,P12319,ENST00000368115
1146,437,END01444,Q13478,ENST00000410040
1147,438,END01445,Q13478,ENST00000410040
1148,439,END01446,O00206,ENST00000394487
1149,440,END01448,P12314,ENST00000444948
1150,441,END01450,O95971,ENST00000401557
1151,442,END01451,O95971,ENST00000401557
1152,443,END01452,P20273,ENST00000419549
1153,444,END01454,Q8N441,ENST00000398484
1154,445,END01457,Q8N441,ENST00000398484
1155,446,END01458,Q8N441,ENST00000398484
1156,447,END01459,Q14416,ENST00000442933
1157,448,END01460,Q14833,ENST00000455714
1158,449,END01461,Q14833,ENST00000455714
1159,450,END01463,Q14833,ENST00000455714
1160,451,END01464,Q14833,ENST00000455714
1161,452,END01465,P42262,ENST00000449365
1162,453,END01466,P42263,ENST00000371266
1163,454,END01467,Q9ULK0,ENST00000404212
1164,455,END01468,Q2TBA1,ENST00000451314
1165,456,END01469,P13945,ENST00000345060
1166,457,END01470,O00451,ENST00000306793
1167,458,END01471,O00451,ENST00000306793
1168,459,END01472,P03372,ENST00000456483
1169,460,END01473,Q92731,ENST00000358599
1170,461,END01474,P54760,ENST00000432114
1171,462,END01477,Q8NHL6,ENST00000451426
1172,463,END01478,Q8NHL6,ENST00000451426
1173,464,END01479,Q8NHL6,ENST00000451426
1174,465,END01480,Q8NHL6,ENST00000451426
1175,466,END01481,Q8NHL6,ENST00000451426
1176,467,END01482,Q9UKJ0,ENST00000457519
1177,468,END01483,P32239,ENST00000334619
1178,469,END01485,P32239,ENST00000334619
1179,470,END01487,P25021,ENST00000393749
1180,471,END01488,P09564,empty
1181,472,END01489,P09564,empty
1182,473,END01490,P09564,empty
1183,474,END01491,P09564,empty
1184,475,END01492,P09564,empty
1185,476,END01493,P08575,ENST00000442510
1186,477,END01494,P30872,ENST00000455187
1187,478,END01495,P20309,ENST00000448020
1188,479,END01496,P20309,ENST00000448020
1189,480,END01497,P20309,ENST00000448020
1190,481,END01498,P20309,ENST00000448020
1191,482,END01500,P13688,ENST00000403461
1192,483,END01501,P13688,ENST00000403461
1193,484,END01502,P13688,ENST00000403461
1194,485,END01503,empty,empty
1195,486,END01504,P40199,ENST00000412062
1196,487,END01506,Q14242,ENST00000388962
1197,488,END01507,Q14242,ENST00000388962
1198,489,END01509,P10912,ENST00000357703
1199,490,END01510,Q14242,ENST00000388962
1200,491,END01511,empty,empty
1201,492,END01512,P16150,ENST00000436527
1202,493,END01513,P16150,ENST00000436527
1203,494,END01514,P16150,ENST00000436527
1204,495,END01515,Q16581,ENST00000307637
1205,496,END01516,Q16581,ENST00000307637
1206,497,END01517,Q16581,ENST00000307637
1207,498,END01518,Q16581,ENST00000307637
1208,499,END01519,Q16581,ENST00000307637
1209,500,END01520,Q16581,ENST00000307637
1210,501,END01521,empty,empty
1211,502,END01522,empty,empty
1212,503,END01523,empty,empty
1213,504,END01524,P28702,ENST00000456979
1214,505,END01525,Q13133,ENST00000457932
1215,506,END01526,Q96RI1,ENST00000392986
1216,507,END01527,O75469,ENST00000441957
1217,508,END01531,Q8WTV0,ENST00000415380
1218,509,END01532,Q13133,ENST00000457932
1219,510,END01533,P55055,ENST00000411902
1220,511,END01534,Q13873,ENST00000445231
1221,512,END01536,P22455,ENST00000453701
1222,513,END01537,O60603,ENST00000260010
1223,514,END01538,Q13133,ENST00000457932
1224,515,END01539,P37231,ENST00000455517
1225,516,END01540,O75197,ENST00000294304
1226,517,END01541,O75197,ENST00000294304
1227,518,END01542,O75197,ENST00000294304
1228,519,END01543,O75197,ENST00000294304
1229,520,END01544,O75197,ENST00000294304
1230,521,END01545,O75197,ENST00000294304
1231,522,END01546,O75197,ENST00000294304
1232,523,END01547,Q13478,ENST00000410040
1233,524,END01548,Q13478,ENST00000410040
1234,525,END01549,Q99665,ENST00000441640
1235,526,END01550,O95256,ENST00000450855
1236,527,END01551,O95256,ENST00000450855
1237,528,END01552,O95256,ENST00000450855
1238,529,END01555,Q99665,ENST00000441640
1239,530,END01556,O95256,ENST00000450855
1240,531,END01557,O95256,ENST00000450855
1241,532,END01558,P10828,ENST00000456926
1242,533,END01559,P21205,ENST00000450525
1243,534,END01560,P01130,ENST00000455727
1244,535,END01561,Q13133,ENST00000457932
1245,536,END01562,P30556,ENST00000404754
1246,537,END01563,P50052,ENST00000371906
1247,538,END01564,P50052,ENST00000371906
1248,539,END01565,P30556,ENST00000404754
1249,540,END01566,P25101,ENST00000394047
1250,541,END01567,P24530,ENST00000446573
1251,542,END01568,P36897,ENST00000374994
1252,543,END01569,empty,empty
1253,544,END01570,P00533,ENST00000455089
1254,545,END01571,P09619,ENST00000261799
1255,546,END01572,empty,empty
1256,547,END01573,P08887,ENST00000368485
1257,548,END01574,O00206,ENST00000394487
1258,549,END01575,P14778,ENST00000452403
1259,550,END01576,P19438,ENST00000440083
1260,551,END01577,P19438,ENST00000440083
1261,552,END01578,P25101,ENST00000394047
1262,553,END01579,P24530,ENST00000446573
1263,554,END01580,Q16602,ENST00000447403
1264,555,END01581,P32241,ENST00000450274
1265,556,END01582,P47871,ENST00000400723
1266,557,END01583,P37288,ENST00000299178
1267,558,END01584,P37231,ENST00000455517
1268,559,END01587,Q07869,ENST00000440343
1269,560,END01588,Q07869,ENST00000440343
1270,561,END01589,P00533,ENST00000455089
1271,562,END01590,P00533,ENST00000455089
1272,563,END01591,P41180,ENST00000360387
1273,564,END01592,P41180,ENST00000360387
1274,565,END01593,P41180,ENST00000360387
1275,566,END01594,P41180,ENST00000360387
1276,567,END01595,P41180,ENST00000360387
1277,568,END01596,P41180,ENST00000360387
1278,569,END01597,P41180,ENST00000360387
1279,570,END01598,P41180,ENST00000360387
1280,571,END01599,P41180,ENST00000360387
1281,572,END01600,P41180,ENST00000360387
1282,573,END01601,P41180,ENST00000360387
1283,574,END01602,P41180,ENST00000360387
1284,575,END01603,P41180,ENST00000360387
1285,576,END01604,P41180,ENST00000360387
1286,577,END01605,P41180,ENST00000360387
1287,578,END01606,P41180,ENST00000360387
1288,579,END01607,P41180,ENST00000360387
1289,580,END01608,P41180,ENST00000360387
1290,581,END01609,P41180,ENST00000360387
1291,582,END01610,P41180,ENST00000360387
1292,583,END01613,P41180,ENST00000360387
1293,584,END01614,P41180,ENST00000360387
1294,585,END01615,P41180,ENST00000360387
1295,586,END01618,P32239,ENST00000334619
1296,587,END01619,P32239,ENST00000334619
1297,588,END01620,P32239,ENST00000334619
1298,589,END01621,P32239,ENST00000334619
1299,590,END01623,P32239,ENST00000334619
1300,591,END01624,P30556,ENST00000404754
1301,592,END01625,Q13261,ENST00000453922
1302,593,END01626,Q13261,ENST00000453922
1303,594,END01627,Q13261,ENST00000453922
1304,595,END01628,Q13261,ENST00000453922
1305,596,END01629,Q13261,ENST00000453922
1306,597,END01631,Q13261,ENST00000453922
1307,598,END01632,P78536,ENST00000310823
1308,599,END01633,P78536,ENST00000310823
1309,600,END01634,P78536,ENST00000310823
1310,601,END01635,P78536,ENST00000310823
1311,602,END01636,P78536,ENST00000310823
1312,603,END01637,P78536,ENST00000310823
1313,604,END01638,P78536,ENST00000310823
1314,605,END01639,P78536,ENST00000310823
1315,606,END01640,P78536,ENST00000310823
1316,607,END01641,P78536,ENST00000310823
1317,608,END01642,P78536,ENST00000310823
1318,609,END01643,P78536,ENST00000310823
1319,610,END01644,P78536,ENST00000310823
1320,611,END01645,Q13740,ENST00000389927
1321,612,END01646,Q13740,ENST00000389927
1322,613,END01648,Q13740,ENST00000389927
1323,614,END01649,Q13740,ENST00000389927
1324,615,END01650,Q13740,ENST00000389927
1325,616,END01651,Q13740,ENST00000389927
1326,617,END01652,Q13740,ENST00000389927
1327,618,END01653,Q13740,ENST00000389927
1328,619,END01654,Q13740,ENST00000389927
1329,620,END01655,Q13740,ENST00000389927
1330,621,END01657,P30203,ENST00000452451
1331,622,END01658,P30203,ENST00000452451
1332,623,END01659,P30203,ENST00000452451
1333,624,END01660,P30203,ENST00000452451
1334,625,END01661,P06127,ENST00000347785
1335,626,END01662,P06127,ENST00000347785
1336,627,END01663,P06127,ENST00000347785
1337,628,END01664,P06127,ENST00000347785
1338,629,END01665,P06127,ENST00000347785
1339,630,END01666,P06127,ENST00000347785
1340,631,END01667,Q13740,ENST00000389927
1341,632,END01668,Q14242,ENST00000388962
1342,633,END01669,Q14242,ENST00000388962
1343,634,END01671,P14151,ENST00000236147
1344,635,END01672,P16581,ENST00000367782
1345,636,END01673,P16109,ENST00000458599
1346,637,END01674,P32239,ENST00000334619
1347,638,END01675,Q92859,ENST00000379842
1348,639,END01676,empty,empty
1349,640,END01677,P20023,ENST00000458541
1350,641,END01679,P20023,ENST00000458541
1351,642,END01680,P20023,ENST00000458541
1352,643,END01681,P20023,ENST00000458541
1353,644,END01682,P20023,ENST00000458541
1354,645,END01683,P20023,ENST00000458541
1355,646,END01684,P20023,ENST00000458541
1356,647,END01685,P20023,ENST00000458541
1357,648,END01686,P20023,ENST00000458541
1358,649,END01687,P20023,ENST00000458541
1359,650,END01688,P20023,ENST00000458541
1360,651,END01689,P20023,ENST00000458541
1361,652,END01690,P20023,ENST00000458541
1362,653,END01691,P21854,ENST00000437813
1363,654,END01692,P21854,ENST00000437813
1364,655,END01693,P21854,ENST00000437813
1365,656,END01694,P21854,ENST00000437813
1366,657,END01695,Q13291,ENST00000392208
1367,658,END01696,Q13291,ENST00000392208
1368,659,END01697,P32238,ENST00000295589
1369,660,END01698,P32238,ENST00000295589
1370,661,END01699,Q6UWB1,ENST00000263379
1371,662,END01700,Q6UWB1,ENST00000263379
1372,663,END01701,Q6UWB1,ENST00000263379
1373,664,END01702,Q6UWB1,ENST00000263379
1374,665,END01703,Q6UWB1,ENST00000263379
1375,666,END01704,Q6UWB1,ENST00000263379
1376,667,END01705,Q6UWB1,ENST00000263379
1377,668,END01706,Q9BZZ2,ENST00000419548
1378,669,END01710,Q9Y286,ENST00000317643
1379,670,END01711,Q9Y286,ENST00000317643
1380,671,END01712,Q9Y286,ENST00000317643
1381,672,END01713,Q9Y286,ENST00000317643
1382,673,END01714,Q9Y286,ENST00000317643
1383,674,END01715,Q9Y286,ENST00000317643
1384,675,END01716,Q9Y286,ENST00000317643
1385,676,END01717,Q9Y286,ENST00000317643
1386,677,END01718,Q9Y286,ENST00000317643
1387,678,END01719,Q9Y286,ENST00000317643
1388,679,END01720,Q9Y286,ENST00000317643
1389,680,END01721,Q9Y286,ENST00000317643
1390,681,END01722,Q9Y286,ENST00000317643
1391,682,END01723,Q9UF33,ENST00000458101
1392,683,END01724,Q9UF33,ENST00000458101
1393,684,END01725,P49146,ENST00000393843
1394,685,END01726,P32245,ENST00000299766
1395,686,END01727,P41968,ENST00000371389
1396,687,END01728,P25929,ENST00000296533
1397,688,END01730,P47898,ENST00000287907
1398,689,END01731,P47898,ENST00000287907
1399,690,END01732,P47898,ENST00000287907
1400,691,END01733,P47898,ENST00000287907
1401,692,END01734,P47898,ENST00000287907
1402,693,END01735,P47898,ENST00000287907
1403,694,END01736,P47898,ENST00000287907
1404,695,END01737,Q13291,ENST00000392208
1405,696,END01738,Q9NQ25,ENST00000458602
1406,697,END01739,Q96DU3,ENST00000368059
1407,698,END01740,O60494,ENST00000438254
1408,699,END01741,P07550,ENST00000305988
1409,700,END01742,P08588,ENST00000369295
1410,701,END01743,P13945,ENST00000345060
1411,702,END01744,empty,empty
1412,703,END01745,P48357,ENST00000431694
1413,704,END01746,P48357,ENST00000431694
1414,705,END01747,P48357-1,ENST00000431694
1415,706,END01748,P48357-1,ENST00000431694
1416,707,END01749,P48357-1,ENST00000431694
1417,708,END01751,P48357-1,ENST00000431694
1418,709,END01752,P48357,ENST00000431694
1419,710,END01753,O60500,ENST00000443172
1420,711,END01754,O00592,ENST00000446198
1421,712,END01755,Q6EMK4,ENST00000304735
1422,713,END01756,Q6EMK4,ENST00000304735
1423,714,END01757,Q6EMK4,ENST00000304735
1424,715,END01758,Q6EMK4,ENST00000304735
1425,716,END01759,Q6EMK4,ENST00000304735
1426,717,END01760,Q6EMK4,ENST00000304735
1427,718,END01761,Q6EMK4,ENST00000304735
1428,719,END01762,Q6EMK4,ENST00000304735
1429,720,END01763,Q6EMK4,ENST00000304735
1430,721,END01764,Q6EMK4,ENST00000304735
1431,722,END01765,Q6EMK4,ENST00000304735
1432,723,END01766,P35052,ENST00000455111
1433,724,END01767,P35052,ENST00000455111
1434,725,END01768,P35052,ENST00000455111
1435,726,END01769,P35052,ENST00000455111
1436,727,END01770,P35052,ENST00000455111
1437,728,END01771,P35052,ENST00000455111
1438,729,END01772,P52803,ENST00000333274
1439,730,END01773,Q9Y6N7,ENST00000436010
1440,731,END01774,Q9Y6N7,ENST00000436010
1441,732,END01775,Q9Y6N7,ENST00000436010
1442,733,END01776,Q9Y6N7,ENST00000436010
1443,734,END01777,Q9Y6N7,ENST00000436010
1444,735,END01778,Q9HCK4,ENST00000403211
1445,736,END01779,Q9HCK4,ENST00000403211
1446,737,END01780,Q9HCK4,ENST00000403211
1447,738,END01781,Q9Y6N7,ENST00000436010
1448,739,END01783,P25090,ENST00000340023
1449,740,END01784,P25090,ENST00000340023
1450,741,END01785,P43119,ENST00000291294
1451,742,END01786,Q9NPC1,ENST00000336557
1452,743,END01787,P25089,ENST00000339223
1453,744,END01790,Q8TDS5,ENST00000378661
1454,745,END01791,Q8TDS5,ENST00000378661
1455,746,END01793,Q8TDS5,ENST00000378661
1456,747,END01794,Q8TDS5,ENST00000378661
1457,748,END01795,empty,empty
1458,749,END01798,P42262,ENST00000449365
1459,750,END01799,P42262,ENST00000449365
1460,751,END01800,P48058,ENST00000428631
1461,752,END01801,P42261,ENST00000340592
1462,753,END01802,P42261,ENST00000340592
1463,754,END01803,P48058,ENST00000428631
1464,755,END01804,P24530,ENST00000446573
1465,756,END01805,Q13255,ENST00000392299
1466,757,END01806,P41594,ENST00000455756
1467,758,END01807,P21554,ENST00000428600
1468,759,END01808,P21554,ENST00000428600
1469,760,END01809,P34972,ENST00000374472
1470,761,END01810,P21554,ENST00000428600
1471,762,END01812,P43003,ENST00000427100
1472,763,END01813,P43003,ENST00000427100
1473,764,END01814,P43003,ENST00000427100
1474,765,END01815,P43005,ENST00000422398
1475,766,END01816,P43005,ENST00000422398
1476,767,END01817,P43005,ENST00000422398
1477,768,END01818,P48664,ENST00000430939
1478,769,END01820,P43004,ENST00000449068
1479,770,END01821,P46098,ENST00000375498
1480,771,END01822,P46098,ENST00000375498
1481,772,END01823,P28335,ENST00000371951
1482,773,END01824,P28223,ENST00000378688
1483,774,END01825,P28223,ENST00000378688
1484,775,END01826,Q13740,ENST00000389927
1485,776,END01827,Q13740,ENST00000389927
1486,777,END01829,O00341,ENST00000371494
1487,778,END01830,P08173,ENST00000433765
1488,779,END01831,P08172,ENST00000453373
1489,780,END01832,P08912,ENST00000383263
1490,781,END01833,empty,empty
1491,782,END01838,P34998,ENST00000457569
1492,783,END01839,P34998,ENST00000457569
1493,784,END01840,P34998,ENST00000457569
1494,785,END01841,P34998,ENST00000457569
1495,786,END01842,P34998,ENST00000457569
1496,787,END01843,P34998,ENST00000457569
1497,788,END01844,P34998,ENST00000457569
1498,789,END01845,P34998,ENST00000457569
1499,790,END01846,P34998,ENST00000457569
1500,791,END01847,Q13324,ENST00000452278
1501,792,END01848,Q13324,ENST00000452278
1502,793,END01849,Q13324,ENST00000452278
1503,794,END01850,Q13324,ENST00000452278
1504,795,END01851,Q13324,ENST00000452278
1505,796,END01852,Q13324,ENST00000452278
1506,797,END01853,Q13324,ENST00000452278
1507,798,END01854,P34998,ENST00000457569
1508,799,END01862,P21554,ENST00000428600
1509,800,END01863,P21554,ENST00000428600
1510,801,END01864,P21554,ENST00000428600
1511,802,END01865,P21554,ENST00000428600
1512,803,END01866,P21554,ENST00000428600
1513,804,END01867,P21554,ENST00000428600
1514,805,END01868,P21554,ENST00000428600
1515,806,END01869,P21554,ENST00000428600
1516,807,END01870,P21554,ENST00000428600
1517,808,END01872,Q8NER1,ENST00000425167
1518,809,END01873,Q8NER1,ENST00000425167
1519,810,END01874,Q8NER1,ENST00000425167
1520,811,END01876,Q9HBA0-1,ENST00000418703
1521,812,END01881,Q9HBA0-1,ENST00000418703
1522,813,END01882,Q9HBA0-1,ENST00000418703
1523,814,END01883,Q9HBA0-1,ENST00000418703
1524,815,END01884,Q9HBA0-1,ENST00000418703
1525,816,END01892,Q8IU57-2,ENST00000428464
1526,817,END01893,Q8IU57-2,ENST00000428464
1527,818,END01894,Q8IU57-2,ENST00000428464
1528,819,END01895,Q8IU57-2,ENST00000428464
1529,820,END01896,Q8IU57-2,ENST00000428464
1530,821,END01897,Q8IU57-2,ENST00000428464
1531,822,END01898,Q8IU57-1,ENST00000428464
1532,823,END01899,Q8IU57-1,ENST00000428464
1533,824,END01900,Q8IU57-1,ENST00000428464
1534,825,END01901,Q8IU57-1,ENST00000428464
1535,826,END01902,Q8IU57-1,ENST00000428464
1536,827,END01903,Q8IU57-1,ENST00000428464
1537,828,END01904,O00220,ENST00000221132
1538,829,END01905,O00220,ENST00000221132
1539,830,END01906,O00220,ENST00000221132
1540,831,END01907,O00220,ENST00000221132
1541,832,END01908,Q93038,ENST00000453341
1542,833,END01909,Q93038,ENST00000453341
1543,834,END01910,Q93038,ENST00000453341
1544,835,END01911,Q93038,ENST00000453341
1545,836,END01912,Q93038,ENST00000453341
1546,837,END01914,P02708,ENST00000448239
1547,838,END01915,P02708,ENST00000448239
1548,839,END01916,P02708,ENST00000448239
1549,840,END01917,P02708,ENST00000448239
1550,841,END01918,P02708,ENST00000448239
1551,842,END01919,P02708,ENST00000448239
1552,843,END01920,P02708,ENST00000448239
1553,844,END01921,P02708-2,ENST00000448239
1554,845,END01922,Q9UBG0,ENST00000446119
1555,846,END01923,Q9UBG0,ENST00000446119
1556,847,END01924,Q9UBG0,ENST00000446119
1557,848,END01925,Q9UBG0,ENST00000446119
1558,849,END01926,Q9UBG0,ENST00000446119
1559,850,END01927,Q9UBG0,ENST00000446119
1560,851,END01928,Q9UBG0,ENST00000446119
1561,852,END01929,Q9UBG0,ENST00000446119
1562,853,END01930,Q9UBG0,ENST00000446119
1563,854,END01932,Q9UBG0,ENST00000446119
1564,855,END01933,Q6GTX8,ENST00000456960
1565,856,END01934,Q6GTX8,ENST00000456960
1566,857,END01939,P98155,ENST00000397921
1567,858,END01940,O00300,ENST00000297350
1568,859,END01941,P43657,ENST00000435430
1569,860,END01942,P43657,ENST00000435430
1570,861,END01945,Q9UBY5,ENST00000440886
1571,862,END01946,empty,empty
1572,863,END01947,empty,empty
1573,864,END01948,empty,empty
1574,865,END01950,empty,empty
1575,866,END01951,Q71UT7,ENST00000396233
1576,867,END01953,Q92896,ENST00000447066
1577,868,END01955,P03372,ENST00000456483
1578,869,END01956,empty,empty
1579,870,END01957,P11229,ENST00000306960
1580,871,END01958,P20309,ENST00000448020
1581,872,END01959,P08173,ENST00000433765
1582,873,END01960,P08172,ENST00000453373
1583,874,END01961,P08912,ENST00000383263
1584,875,END01962,P36544,ENST00000455693
1585,876,END01963,P17787,empty
1586,877,END01964,Q07001,ENST00000457943
1587,878,END01965,P07510,ENST00000389494
1588,879,END01966,P11230,ENST00000306071
1589,880,END01967,P02708,ENST00000448239
1590,881,END01969,P08069,ENST00000427922
1591,882,END01970,P08069,ENST00000427922
1592,883,END01971,P06213,ENST00000341500
1593,884,END01972,P08069,ENST00000427922
1594,885,END01974,Q13255,ENST00000392299
1595,886,END01975,Q13255,ENST00000392299
1596,887,END01976,P35610,ENST00000367619
1597,888,END01977,empty,empty
1598,889,END01978,O95477,ENST00000374736
1599,890,END01979,P06213,ENST00000341500
1600,891,END01980,A4FVA5,ENST00000329321
1601,892,END01981,O60603,ENST00000260010
1602,893,END01982,P26442,ENST00000314566
1603,894,END01983,P48039,ENST00000307161
1604,895,END01984,empty,empty
1605,896,END01985,P41180,ENST00000360387
1606,897,END01986,P35869,ENST00000401808
1607,898,END01988,Q92847-1,ENST00000427970
1608,899,END01989,P08069,ENST00000427922
1609,900,END01990,empty,empty
1610,901,END01991,P43115,ENST00000414819
1611,902,END01993,P35968,ENST00000263923
1612,903,END01994,P17948,ENST00000282397
1613,904,END01995,P32241,ENST00000450274
1614,905,END01996,P14778,ENST00000452403
1615,906,END01997,P08887,ENST00000368485
1616,907,END01998,Q01718,ENST00000399821
1617,908,END01999,P33032,ENST00000324750
1618,909,END02000,P13945,ENST00000345060
1619,910,END02001,P04150,ENST00000454007
1620,911,END02002,Q9NR97,ENST00000311912
1621,912,END02003,Q9NR96,ENST00000423623
1622,913,END02004,Q9NYK1,ENST00000380659
1623,914,END02005,Q9BXR5,ENST00000361424
1624,915,END02006,Q9Y2C9,ENST00000440845
1625,916,END02007,O60603,ENST00000260010
1626,917,END02008,O15455,ENST00000296795
1627,918,END02009,O60602,ENST00000407096
1628,919,END02010,Q15399,ENST00000308979
1629,920,END02011,Q9UBY5,ENST00000440886
1630,921,END02012,Q9UBY5,ENST00000440886
1631,922,END02015,Q16288,ENST00000394480
1632,923,END02016,Q16620,ENST00000395882
1633,924,END02017,P04629,ENST00000392302
1634,925,END02018,P32238,ENST00000295589
1635,926,END02019,O14842,ENST00000246553
1636,927,END02020,P32245,ENST00000299766
1637,928,END02021,P06401,ENST00000325455
1638,929,END02022,P34981,ENST00000311762
1639,930,END02023,P34981,ENST00000311762
1640,931,END02024,Q92731,ENST00000358599
1641,932,END02025,P30991,empty
1642,933,END02026,P30991,empty
1643,934,END02027,P25024,ENST00000421691
1644,935,END02028,P25024,ENST00000421691
1645,936,END02029,P25024,ENST00000421691
1646,937,END02030,P25024,ENST00000421691
1647,938,END02031,P25024,ENST00000421691
1648,939,END02032,O00238,ENST00000440890
1649,940,END02033,P11473,ENST00000395324
1650,941,END02034,Q07869,ENST00000440343
1651,942,END02035,P07550,ENST00000305988
1652,943,END02036,P47211,ENST00000299727
1653,944,END02037,P35968,ENST00000263923
1654,945,END02038,P16471,ENST00000397391
1655,946,END02039,empty,empty
1656,947,END02040,P48357-1,ENST00000431694
1657,948,END02041,P30989,ENST00000370501
1658,949,END02042,P30989,ENST00000370501
1659,950,END02043,P30989,ENST00000370501
1660,951,END02044,P06401,ENST00000325455
1661,952,END02045,P34998,ENST00000457569
1662,953,END02046,P34998,ENST00000457569
1663,954,END02049,Q9UBY5,ENST00000440886
1664,955,END02050,P47211,ENST00000299727
1665,956,END02051,P47211,ENST00000299727
1666,957,END02052,P47211,ENST00000299727
1667,958,END02054,P48039,ENST00000307161
1668,959,END02055,P19438,ENST00000440083
1669,960,END02057,P19438,ENST00000440083
1670,961,END02058,Q3ZCQ2,ENST00000314890
1671,962,END02059,Q3ZCQ2,ENST00000314890
1672,963,END02060,Q99523,ENST00000256637
1673,964,END02061,P50052,ENST00000371906
1674,965,END02062,P50052,ENST00000371906
1675,966,END02063,P30556,ENST00000404754
1676,967,END02064,P30556,ENST00000404754
1677,968,END02065,P41180,ENST00000360387
1678,969,END02066,Q9BXA5,ENST00000362032
1679,970,END02068,P08588,ENST00000369295
1680,971,END02069,P33032,ENST00000324750
1681,972,END02070,P33032,ENST00000324750
1682,973,END02071,P20333,ENST00000400863
1683,974,END02072,P19438,ENST00000440083
1684,975,END02073,P14778,ENST00000452403
1685,976,END02074,P27930,ENST00000457817
1686,977,END02075,P20333,ENST00000400863
1687,978,END02076,O43157,ENST00000456774
1688,979,END02077,O43157,ENST00000456774
1689,980,END02078,O43157,ENST00000456774
1690,981,END02079,O43157,ENST00000456774
1691,982,END02080,P21854,ENST00000437813
1692,983,END02081,P21854,ENST00000437813
1693,984,END02082,O43157,ENST00000456774
1694,985,END02083,O43157,ENST00000456774
1695,986,END02084,O43157,ENST00000456774
1696,987,END02085,O43157,ENST00000456774
1697,988,END02086,P11473,ENST00000395324
1698,989,END02087,P19438,ENST00000440083
1699,990,END02088,P20333,ENST00000400863
1700,991,END02089,P26006,ENST00000320031
1701,992,END02090,P26006,ENST00000320031
1702,993,END02091,O14786,ENST00000455749
1703,994,END02092,P34998,ENST00000457569
1704,995,END02093,P34998,ENST00000457569
1705,996,END02094,P34998,ENST00000457569
1706,997,END02095,Q13324,ENST00000452278
1707,998,END02096,empty,empty
1708,999,END02097,empty,empty
1709,1000,END02098,empty,empty
1710,1001,END02099,P48357,ENST00000431694
1711,1002,END02100,P35968,ENST00000263923
1712,1003,END02101,empty,empty
1713,1004,END02102,Q15761,ENST00000338566
1714,1005,END02103,empty,empty
1715,1006,END02104,empty,empty
1716,1007,END02105,empty,empty
1717,1008,END02106,empty,empty
1718,1009,END02107,empty,empty
1719,1010,END02109,P41968,ENST00000371389
1720,1011,END02110,P32238,ENST00000295589
1721,1012,END02111,P32239,ENST00000334619
1722,1013,END02112,Q92847,ENST00000427970
1723,1014,END02113,Q92847,ENST00000427970
1724,1015,END02114,P16471,ENST00000397391
1725,1016,END02115,P16471,ENST00000397391
1726,1017,END02116,P16471,ENST00000397391
1727,1018,END02117,P16471,ENST00000397391
1728,1019,END02118,P16471,ENST00000397391
1729,1020,END02119,P16471,ENST00000397391
1730,1021,END02120,P16471,ENST00000397391
1731,1022,END02121,P16471,ENST00000397391
1732,1023,END02122,P16471,ENST00000397391
1733,1024,END02123,P16471,ENST00000397391
1734,1025,END02124,P16471,ENST00000397391
1735,1026,END02125,P16471,ENST00000397391
1736,1027,END02126,P16471,ENST00000397391
1737,1028,END02127,P16471,ENST00000397391
1738,1029,END02128,P16471,ENST00000397391
1739,1030,END02129,P16471,ENST00000397391
1740,1031,END02130,P16471,ENST00000397391
1741,1032,END02131,P16471,ENST00000397391
1742,1033,END02132,P16471,ENST00000397391
1743,1034,END02133,P16471,ENST00000397391
1744,1035,END02134,P16471,ENST00000397391
1745,1036,END02135,P16471,ENST00000397391
1746,1037,END02136,P16471,ENST00000397391
1747,1038,END02137,P16471,ENST00000397391
1748,1039,END02138,P16471,ENST00000397391
1749,1040,END02139,P16471,ENST00000397391
1750,1041,END02140,P16471,ENST00000397391
1751,1042,END02141,P16471,ENST00000397391
1752,1043,END02142,P16471,ENST00000397391
1753,1044,END02143,P16471,ENST00000397391
1754,1045,END02144,P16471,ENST00000397391
1755,1046,END02145,P16471,ENST00000397391
1756,1047,END02146,P16471,ENST00000397391
1757,1048,END02147,P16471,ENST00000397391
1758,1049,END02148,P16471,ENST00000397391
1759,1050,END02149,P16471,ENST00000397391
1760,1051,END02150,P16471,ENST00000397391
1761,1052,END02151,P16471,ENST00000397391
1762,1053,END02152,P16471,ENST00000397391
1763,1054,END02153,P16471,ENST00000397391
1764,1055,END02154,P16471,ENST00000397391
1765,1056,END02155,P16471,ENST00000397391
1766,1057,END02156,P16471,ENST00000397391
1767,1058,END02157,P16471,ENST00000397391
1768,1059,END02158,P16471,ENST00000397391
1769,1060,END02159,P16471,ENST00000397391
1770,1061,END02160,P16471,ENST00000397391
1771,1062,END02161,P16471,ENST00000397391
1772,1063,END02162,P16471,ENST00000397391
1773,1064,END02163,P16471,ENST00000397391
1774,1065,END02164,P16471,ENST00000397391
1775,1066,END02165,P16471,ENST00000397391
1776,1067,END02166,P16471,ENST00000397391
1777,1068,END02167,P16471,ENST00000397391
1778,1069,END02168,P10912,ENST00000357703
1779,1070,END02169,P16471,ENST00000397391
1780,1071,END02170,P16471,ENST00000397391
1781,1072,END02171,P21453,ENST00000424264
1782,1073,END02172,P21453,ENST00000424264
1783,1074,END02173,P21453,ENST00000424264
1784,1075,END02174,P21453,ENST00000424264
1785,1076,END02175,P21453,ENST00000424264
1786,1077,END02176,Q99500,ENST00000375846
1787,1078,END02177,Q99500,ENST00000375846
1788,1079,END02178,Q99500,ENST00000375846
1789,1080,END02179,Q99500,ENST00000375846
1790,1081,END02180,Q92633,ENST00000449490
1791,1082,END02181,Q92633,ENST00000449490
1792,1083,END02182,Q92633,ENST00000449490
1793,1084,END02183,Q92633,ENST00000449490
1794,1085,END02184,Q92633,ENST00000449490
1795,1086,END02185,Q92633,ENST00000449490
1796,1087,END02186,Q92633,ENST00000449490
1797,1088,END02187,Q92633,ENST00000449490
1798,1089,END02188,Q92633,ENST00000449490
1799,1090,END02189,Q92633,ENST00000449490
1800,1091,END02190,Q92633,ENST00000449490
1801,1092,END02191,Q92633,ENST00000449490
1802,1093,END02192,Q9HBW0,ENST00000407877
1803,1094,END02193,Q9HBW0,ENST00000407877
1804,1095,END02194,Q9HBW0,ENST00000407877
1805,1096,END02195,Q9HBW0,ENST00000407877
1806,1097,END02196,Q9HBW0,ENST00000407877
1807,1098,END02197,Q9HBW0,ENST00000407877
1808,1099,END02198,O95977,ENST00000246115
1809,1100,END02199,O95977,ENST00000246115
1810,1101,END02200,O95977,ENST00000246115
1811,1102,END02201,O95977,ENST00000246115
1812,1103,END02202,O95977,ENST00000246115
1813,1104,END02203,O95977,ENST00000246115
1814,1105,END02204,O95977,ENST00000246115
1815,1106,END02205,O95977,ENST00000246115
1816,1107,END02206,O95977,ENST00000246115
1817,1108,END02207,Q9H228,ENST00000333430
1818,1109,END02208,Q9H228,ENST00000333430
1819,1110,END02209,Q9H228,ENST00000333430
1820,1111,END02210,Q9H228,ENST00000333430
1821,1112,END02211,Q9H228,ENST00000333430
1822,1113,END02212,Q9H228,ENST00000333430
1823,1114,END02213,Q9H228,ENST00000333430
1824,1115,END02214,Q9H228,ENST00000333430
1825,1116,END02215,Q9H228,ENST00000333430
1826,1117,END02216,Q9UBY5,ENST00000440886
1827,1118,END02217,Q9UBY5,ENST00000440886
1828,1119,END02218,Q9UBY5,ENST00000440886
1829,1120,END02219,Q9UBY5,ENST00000440886
1830,1121,END02220,Q9UBY5,ENST00000440886
1831,1122,END02221,Q9UBY5,ENST00000440886
1832,1123,END02222,Q92633,ENST00000449490
1833,1124,END02223,Q92633,ENST00000449490
1834,1125,END02224,Q92633,ENST00000449490
1835,1126,END02225,Q92633,ENST00000449490
1836,1127,END02226,Q9HBW0,ENST00000407877
1837,1128,END02227,Q9HBW0,ENST00000407877
1838,1129,END02228,Q9HBW0,ENST00000407877
1839,1130,END02229,Q99677,ENST00000373301
1840,1131,END02230,O95136,ENST00000317726
1841,1132,END02231,P21453,ENST00000424264
1842,1133,END02232,P21453,ENST00000424264
1843,1134,END02233,P21453,ENST00000424264
1844,1135,END02234,P21453,ENST00000424264
1845,1136,END02235,P21453,ENST00000424264
1846,1137,END02236,P21453,ENST00000424264
1847,1138,END02237,P21453,ENST00000424264
1848,1139,END02238,P21453,ENST00000424264
1849,1140,END02240,O95136,ENST00000317726
1850,1141,END02241,O95136,ENST00000317726
1851,1142,END02242,O95136,ENST00000317726
1852,1143,END02243,O95136,ENST00000317726
1853,1144,END02244,O95136,ENST00000317726
1854,1145,END02245,Q99500,ENST00000375846
1855,1146,END02246,Q99500,ENST00000375846
1856,1147,END02247,Q99500,ENST00000375846
1857,1148,END02248,Q99500,ENST00000375846
1858,1149,END02249,O95136,ENST00000317726
1859,1150,END02250,O95977,ENST00000246115
1860,1151,END02251,O95977,ENST00000246115
1861,1152,END02252,O95977,ENST00000246115
1862,1153,END02253,O95977,ENST00000246115
1863,1154,END02254,Q9H228,ENST00000333430
1864,1155,END02255,Q9H228,ENST00000333430
1865,1156,END02256,Q9H228,ENST00000333430
1866,1157,END02257,P21453,ENST00000424264
1867,1158,END02258,P21453,ENST00000424264
1868,1159,END02259,P25116,ENST00000396233
1869,1160,END02260,O95136,ENST00000317726
1870,1161,END02261,O95136,ENST00000317726
1871,1162,END02262,P21453,ENST00000424264
1872,1163,END02263,Q9H228,ENST00000333430
1873,1164,END02264,Q92633,ENST00000449490
1874,1165,END02265,P21453,ENST00000424264
1875,1166,END02266,P21453,ENST00000424264
1876,1167,END02267,O95136,ENST00000317726
1877,1168,END02268,Q99500,ENST00000375846
1878,1169,END02269,Q9HBW0,ENST00000407877
1879,1170,END02270,Q92633,ENST00000449490
1880,1171,END02271,Q92633,ENST00000449490
1881,1172,END02272,Q92633,ENST00000449490
1882,1173,END02273,Q92633,ENST00000449490
1883,1174,END02274,Q92633,ENST00000449490
1884,1175,END02275,Q9HBW0,ENST00000407877
1885,1176,END02276,Q9UBY5,ENST00000440886
1886,1177,END02277,Q9UBY5,ENST00000440886
1887,1178,END02278,Q9UNW8,ENST00000392585
1888,1179,END02279,Q9UNW8,ENST00000392585
1889,1180,END02280,Q9UNW8,ENST00000392585
1890,1181,END02281,Q9UNW8,ENST00000392585
1891,1182,END02282,Q9UNW8,ENST00000392585
1892,1183,END02283,Q15743,ENST00000238699
1893,1184,END02284,Q15743,ENST00000238699
1894,1185,END02285,Q15743,ENST00000238699
1895,1186,END02287,P25103,ENST00000409848
1896,1187,END02288,Q9H1C0,ENST00000431922
1897,1188,END02289,Q9H1C0,ENST00000431922
1898,1189,END02290,Q9H1C0,ENST00000431922
1899,1190,END02291,Q9H1C0,ENST00000431922
1900,1191,END02292,Q9H1C0,ENST00000431922
1901,1192,END02293,Q9H1C0,ENST00000431922
1902,1193,END02294,Q9H1C0,ENST00000431922
1903,1194,END02295,Q9H1C0,ENST00000431922
1904,1195,END02296,P43657,ENST00000435430
1905,1196,END02297,Q92633,ENST00000449490
1906,1197,END02298,Q9HBW0,ENST00000407877
1907,1198,END02299,Q99677,ENST00000373301
1908,1199,END02300,Q99677,ENST00000373301
1909,1200,END02301,Q99677,ENST00000373301
1910,1201,END02302,Q99677,ENST00000373301
1911,1202,END02303,Q99677,ENST00000373301
1912,1203,END02304,Q99677,ENST00000373301
1913,1204,END02305,Q99677,ENST00000373301
1914,1205,END02306,Q99677,ENST00000373301
1915,1206,END02307,Q99677,ENST00000373301
1916,1207,END02308,Q9UBY5,ENST00000440886
1917,1208,END02309,Q9UBY5,ENST00000440886
1918,1209,END02310,Q9UBY5,ENST00000440886
1919,1210,END02311,Q92633,ENST00000449490
1920,1211,END02312,Q92633,ENST00000449490
1921,1212,END02313,Q92633,ENST00000449490
1922,1213,END02314,Q92633,ENST00000449490
1923,1214,END02315,Q9HBW0,ENST00000407877
1924,1215,END02316,Q92633,ENST00000449490
1925,1216,END02317,Q9UBY5,ENST00000440886
1926,1217,END02318,Q9UBY5,ENST00000440886
1927,1218,END02320,Q9HBW0,ENST00000407877
1928,1219,END02321,Q92633,ENST00000449490
1929,1220,END02322,Q92633,ENST00000449490
1930,1221,END02323,Q92633,ENST00000449490
1931,1222,END02324,Q92633,ENST00000449490
1932,1223,END02325,Q9UBY5,ENST00000440886
1933,1224,END02326,Q92633,ENST00000449490
1934,1225,END02327,Q92633,ENST00000449490
1935,1226,END02328,Q9HBW0,ENST00000407877
1936,1227,END02329,Q9UBY5,ENST00000440886
1937,1228,END02330,Q9UBY5,ENST00000440886
1938,1229,END02331,Q92633,ENST00000449490
1939,1230,END02332,Q92633,ENST00000449490
1940,1231,END02333,Q9HBW0,ENST00000407877
1941,1232,END02334,Q92633,ENST00000449490
1942,1233,END02335,Q9UBY5,ENST00000440886
1943,1234,END02336,Q9HBW0,ENST00000407877
1944,1235,END02337,Q9UNW8,ENST00000392585
1945,1236,END02338,Q9UNW8,ENST00000392585
1946,1237,END02339,Q9UNW8,ENST00000392585
1947,1238,END02340,Q15743,ENST00000238699
1948,1239,END02341,Q15743,ENST00000238699
1949,1240,END02342,Q15743,ENST00000238699
1950,1241,END02343,Q15743,ENST00000238699
1951,1242,END02344,Q15743,ENST00000238699
1952,1243,END02345,Q15743,ENST00000238699
1953,1244,END02346,Q15743,ENST00000238699
1954,1245,END02347,P46093,ENST00000323040
1955,1246,END02348,P46093,ENST00000323040
1956,1247,END02349,P46093,ENST00000323040
1957,1248,END02350,P46093,ENST00000323040
1958,1249,END02351,P46093,ENST00000323040
1959,1250,END02352,P46093,ENST00000323040
1960,1251,END02353,P47775,ENST00000405846
1961,1252,END02354,P47775,ENST00000405846
1962,1253,END02355,P47775,ENST00000405846
1963,1254,END02356,Q92633,ENST00000449490
1964,1255,END02357,Q9HBW0,ENST00000407877
1965,1256,END02358,Q9HBW0,ENST00000407877
1966,1257,END02359,Q9HBW0,ENST00000407877
1967,1258,END02360,Q9UBY5,ENST00000440886
1968,1259,END02361,Q99677,ENST00000373301
1969,1260,END02362,Q99677,ENST00000373301
1970,1261,END02363,P21453,ENST00000424264
1971,1262,END02364,P21453,ENST00000424264
1972,1263,END02365,P21453,ENST00000424264
1973,1264,END02366,P21453,ENST00000424264
1974,1265,END02367,P21453,ENST00000424264
1975,1266,END02368,P21453,ENST00000424264
1976,1267,END02369,P21453,ENST00000424264
1977,1268,END02370,P21453,ENST00000424264
1978,1269,END02371,P21453,ENST00000424264
1979,1270,END02372,O95136,ENST00000317726
1980,1271,END02373,O95136,ENST00000317726
1981,1272,END02374,O95136,ENST00000317726
1982,1273,END02375,O95136,ENST00000317726
1983,1274,END02376,O95136,ENST00000317726
1984,1275,END02377,O95136,ENST00000317726
1985,1276,END02378,O95136,ENST00000317726
1986,1277,END02379,O95136,ENST00000317726
1987,1278,END02380,O95136,ENST00000317726
1988,1279,END02381,O95136,ENST00000317726
1989,1280,END02382,O95136,ENST00000317726
1990,1281,END02383,Q99500,ENST00000375846
1991,1282,END02384,Q99500,ENST00000375846
1992,1283,END02385,Q99500,ENST00000375846
1993,1284,END02386,Q99500,ENST00000375846
1994,1285,END02387,Q99500,ENST00000375846
1995,1286,END02388,Q99500,ENST00000375846
1996,1287,END02389,Q99500,ENST00000375846
1997,1288,END02390,Q9H228,ENST00000333430
1998,1289,END02391,Q9HBW0,ENST00000407877
1999,1290,END02392,Q9HBW0,ENST00000407877
2000,1291,END02393,Q99500,ENST00000375846
2001,1292,END02394,Q99500,ENST00000375846
2002,1293,END02395,O95136,ENST00000317726
2003,1294,END02396,P21453,ENST00000424264
2004,1295,END02397,Q99500,ENST00000375846
2005,1296,END02398,O95136,ENST00000317726
2006,1297,END02399,O95977,ENST00000246115
2007,1298,END02400,Q9H228,ENST00000333430
2008,1299,END02401,Q9UNW8,ENST00000392585
2009,1300,END02402,Q9UNW8,ENST00000392585
2010,1301,END02403,P46093,ENST00000323040
2011,1302,END02404,Q15743,ENST00000238699
2012,1303,END02411,P46093,ENST00000323040
2013,1304,END02412,P46093,ENST00000323040
2014,1305,END02413,Q8IYL9,ENST00000267549
2015,1306,END02414,Q8IYL9,ENST00000267549
2016,1307,END02415,Q8IYL9,ENST00000267549
2017,1308,END02416,Q8IYL9,ENST00000267549
2018,1309,END02417,Q8IYL9,ENST00000267549
2019,1310,END02418,Q8IYL9,ENST00000267549
2020,1311,END02419,Q8IYL9,ENST00000267549
2021,1312,END02420,Q8IYL9,ENST00000267549
2022,1313,END02421,P46093,ENST00000323040
2023,1314,END02422,P46093,ENST00000323040
2024,1315,END02423,P46093,ENST00000323040
2025,1316,END02424,Q8IYL9,ENST00000267549
2026,1317,END02425,Q8IYL9,ENST00000267549
2027,1318,END02426,Q8IYL9,ENST00000267549
2028,1319,END02427,Q8IYL9,ENST00000267549
2029,1320,END02428,Q8IYL9,ENST00000267549
2030,1321,END02429,Q8IYL9,ENST00000267549
2031,1322,END02430,Q8IYL9,ENST00000267549
2032,1323,END02431,Q8IYL9,ENST00000267549
2033,1324,END02432,P30556,ENST00000404754
2034,1325,END02433,P30556,ENST00000404754
2035,1326,END02434,P30556,ENST00000404754
2036,1327,END02435,Q13873,ENST00000445231
2037,1328,END02436,O00238,ENST00000440890
2038,1329,END02437,Q13873,ENST00000445231
2039,1330,END02438,P36894,ENST00000372037
2040,1331,END02439,P16066,ENST00000428723
2041,1332,END02440,P21728,ENST00000393752
2042,1333,END02441,empty,empty
2043,1334,END02442,empty,empty
2044,1335,END02443,empty,empty
2045,1336,END02444,empty,empty
2046,1337,END02445,P10912,ENST00000357703
2047,1338,END02446,empty,empty
2048,1339,END02447,Q01718,ENST00000399821
2049,1340,END02448,P30559,ENST00000449615
2050,1341,END02449,P47901,ENST00000367126
2051,1342,END02450,P10275,ENST00000396044
2052,1343,END02451,P03372,ENST00000456483
2053,1344,END02452,Q92731,ENST00000358599
2054,1345,END02453,empty,empty
2055,1346,END02454,P16471,ENST00000397391
2056,1347,END02455,P16471,ENST00000397391
2057,1348,END02456,P16471,ENST00000397391
2058,1349,END02460,P41587,ENST00000437234
2059,1350,END02461,P41587,ENST00000437234
2060,1351,END02462,P32241,ENST00000450274
2061,1352,END02463,P32241,ENST00000450274
2062,1353,END02464,P41587,ENST00000437234
2063,1354,END02465,P41587,ENST00000437234
2064,1355,END02466,P32241,ENST00000450274
2065,1356,END02467,P41586,ENST00000436116
2066,1357,END02468,P41586,ENST00000436116
2067,1358,END02469,Q01718,ENST00000399821
2068,1359,END02470,Q8WXD0,ENST00000380314
2069,1360,END02471,Q8WXD0,ENST00000380314
2070,1361,END02472,Q8WXD0,ENST00000380314
2071,1362,END02473,Q8WXD0,ENST00000380314
2072,1363,END02474,Q8WXD0,ENST00000380314
2073,1364,END02475,Q8WXD0,ENST00000380314
2074,1365,END02476,Q8WXD0,ENST00000380314
2075,1366,END02477,Q8WXD0,ENST00000380314
2076,1367,END02478,P10912,ENST00000357703
2077,1368,END02479,P08235,ENST00000358102
2078,1369,END02481,P03372,ENST00000456483
2079,1370,END02482,P06401,ENST00000325455
2080,1371,END02483,P11473,ENST00000395324
2081,1372,END02484,P37243,ENST00000456926
2082,1373,END02485,P10828,ENST00000456926
2083,1374,END02486,P21205,ENST00000450525
2084,1375,END02487,P10827,ENST00000450525
2085,1376,END02488,empty,empty
2086,1377,END02489,P10826,ENST00000458646
2087,1378,END02490,P19793,ENST00000356384
2088,1379,END02491,P04150,ENST00000454007
2089,1380,END02492,P04150,ENST00000454007
2090,1381,END02493,P08235,ENST00000358102
2091,1382,END02494,P08235,ENST00000358102
2092,1383,END02495,P04150,ENST00000454007
2093,1384,END02496,P08235,ENST00000358102
2094,1385,END02497,empty,empty
2095,1386,END02498,empty,empty
2096,1387,END02499,P49190,ENST00000419079
2097,1388,END02500,P49190,ENST00000419079
2098,1389,END02501,P49190,ENST00000419079
2099,1390,END02502,P49190,ENST00000419079
2100,1391,END02503,P10275,ENST00000396044
2101,1392,END02504,P10275,ENST00000396044
2102,1393,END02505,P21802,ENST00000457416
2103,1394,END02506,P11362,ENST00000447712
2104,1395,END02507,P11362,ENST00000447712
2105,1396,END02508,P41595,ENST00000258400
2106,1397,END02509,P41595,ENST00000258400
2107,1398,END02510,P41595,ENST00000258400
2108,1399,END02512,P47898,ENST00000287907
2109,1400,END02513,P26992,ENST00000417345
2110,1401,END02515,P50391,ENST00000395716
2111,1402,END02516,P43220,ENST00000373256
2112,1403,END02517,P30550,ENST00000380289
2113,1404,END02518,P14416,ENST00000362072
2114,1405,END02519,P21917,empty
2115,1406,END02520,P08908,ENST00000323865
2116,1407,END02521,P08908,ENST00000323865
2117,1408,END02522,P28221,ENST00000374619
2118,1409,END02523,P28221,ENST00000374619
2119,1410,END02524,P28223,ENST00000378688
2120,1411,END02525,P28223,ENST00000378688
2121,1412,END02526,P28223,ENST00000378688
2122,1413,END02527,P28223,ENST00000378688
2123,1414,END02528,P41595,ENST00000258400
2124,1415,END02529,P41595,ENST00000258400
2125,1416,END02530,P41595,ENST00000258400
2126,1417,END02531,P28335,ENST00000371951
2127,1418,END02532,P28335,ENST00000371951
2128,1419,END02533,P46098,ENST00000375498
2129,1420,END02534,P46098,ENST00000375498
2130,1421,END02535,P46098,ENST00000375498
2131,1422,END02536,Q13639,ENST00000444006
2132,1423,END02537,Q13639,ENST00000444006
2133,1424,END02538,Q13639,ENST00000444006
2134,1425,END02539,P47898,ENST00000287907
2135,1426,END02540,P50406,ENST00000289753
2136,1427,END02541,P50406,ENST00000289753
2137,1428,END02542,P50406,ENST00000289753
2138,1429,END02543,Q04771,ENST00000440523
2139,1430,END02544,O00238,ENST00000440890
2140,1431,END02545,Q13705,ENST00000352511
2141,1432,END02546,P32238,ENST00000295589
2142,1433,END02548,P32238,ENST00000295589
2143,1434,END02549,P32238,ENST00000295589
2144,1435,END02550,P32239,ENST00000334619
2145,1436,END02551,P32238,ENST00000295589
2146,1437,END02552,P32241,ENST00000450274
2147,1438,END02553,P41587,ENST00000437234
2148,1439,END02555,P98155,ENST00000397921
2149,1440,END02557,empty,empty
2150,1441,END02559,P08908,ENST00000323865
2151,1442,END02560,P14416,ENST00000362072
2152,1443,END02561,Q8NER1,ENST00000425167
2153,1444,END02562,Q93038,ENST00000453341
2154,1445,END02563,P28223,ENST00000378688
2155,1446,END02564,P28223,ENST00000378688
2156,1447,END02565,P08908,ENST00000323865
2157,1448,END02566,P28335,ENST00000371951
2158,1449,END02567,P14416,ENST00000362072
2159,1450,END02568,P14416,ENST00000362072
2160,1451,END02569,P35462,ENST00000383673
2161,1452,END02570,P35462,ENST00000383673
2162,1453,END02571,P35462,ENST00000383673
2163,1454,END02572,P21917,empty
2164,1455,END02573,P21917,empty
2165,1456,END02574,P21918,ENST00000304374
2166,1457,END02575,P21918,ENST00000304374
2167,1458,END02576,P21918,ENST00000304374
2168,1459,END02577,P21918,ENST00000304374
2169,1460,END02578,P48039,ENST00000307161
2170,1461,END02579,P49286,ENST00000257068
2171,1462,END02580,P49286,ENST00000257068
2172,1463,END02581,Q8N441,ENST00000398484
2173,1464,END02582,O43603,ENST00000329003
2174,1465,END02583,O43603,ENST00000329003
2175,1466,END02584,P35414,ENST00000444275
2176,1467,END02585,P35414,ENST00000444275
2177,1468,END02586,P28336,ENST00000258042
2178,1469,END02587,P41146,ENST00000450417
2179,1470,END02588,P41146,ENST00000450417
2180,1471,END02589,P41146,ENST00000450417
2181,1472,END02590,P41146,ENST00000450417
2182,1473,END02591,P41146,ENST00000450417
2183,1474,END02592,P41146,ENST00000450417
2184,1475,END02593,P49238,ENST00000435290
2185,1476,END02594,P49238,ENST00000435290
2186,1477,END02595,P49238,ENST00000435290
2187,1478,END02596,P46098,ENST00000375498
2188,1479,END02597,P50406,ENST00000289753
2189,1480,END02598,P50406,ENST00000289753
2190,1481,END02599,P36897,ENST00000374994
2191,1482,END02600,P21728,ENST00000393752
2192,1483,END02601,P28223,ENST00000378688
2193,1484,END02602,P41595,ENST00000258400
2194,1485,END02603,P28335,ENST00000371951
2195,1486,END02604,P37231-1,ENST00000455517
2196,1487,END02605,P48039,ENST00000307161
2197,1488,END02606,P49286,ENST00000257068
2198,1489,END02607,P32238,ENST00000295589
2199,1490,END02608,P32239,ENST00000334619
2200,1491,END02609,empty,empty
2201,1492,END02610,Q9HBW0,ENST00000407877
2202,1493,END02612,P35052,ENST00000455111
2203,1494,END02613,P49683,ENST00000369169
2204,1495,END02614,P49683,ENST00000369169
2205,1496,END02615,P78536,ENST00000310823
2206,1497,END02616,Q9UBG0,ENST00000446119
2207,1498,END02617,P50391,ENST00000395716
2208,1499,END02618,Q9ULW2,ENST00000229030
2209,1500,END02619,P50391,ENST00000395716
2210,1501,END02620,Q9ULW2,ENST00000229030
2211,1502,END02621,P30872,ENST00000455187
2212,1503,END02622,P43220,ENST00000373256
2213,1504,END02627,P48357,ENST00000431694
2214,1505,END02628,P10275,ENST00000396044
2215,1506,END02629,Q92731,ENST00000358599
2216,1507,END02630,P03372,ENST00000456483
2217,1508,END02631,Q9H228,ENST00000333430
2218,1509,END02633,Q9BXA5,ENST00000362032
2219,1510,END02634,P55290,ENST00000446376
2220,1511,END02635,Q13285,ENST00000373588
2221,1512,END02636,Q13285,ENST00000373588
2222,1513,END02637,Q13285,ENST00000373588
2223,1514,END02638,Q13285,ENST00000373588
2224,1515,END02639,Q13285,ENST00000373588
2225,1516,END02640,Q02643,ENST00000434774
2226,1517,END02641,Q92847,ENST00000427970
2227,1518,END02642,Q92847,ENST00000427970
2228,1519,END02643,empty,empty
2229,1520,END02644,empty,empty
2230,1521,END02645,Q8N6P7,empty
2231,1522,END02646,Q8N6P7,empty
2232,1523,END02647,Q8N6P7,empty
2233,1524,END02648,Q8N6P7,empty
2234,1525,END02649,Q8N6P7,empty0
2235,1526,END02650,Q8N6P7,empty0
2236,1527,END02651,Q8N6P7,empty
2237,1528,END02652,Q07869,ENST00000440343
2238,1529,END02653,Q03181,empty
2239,1530,END02654,Q03181,empty
2240,1531,END02655,Q03181,empty
2241,1532,END02656,Q03181,empty
2242,1533,END02657,Q03181,empty
2243,1534,END02658,Q03181,empty
2244,1535,END02659,Q03181,empty
2245,1536,END02660,Q03181,empty
2246,1537,END02661,Q03181,empty
2247,1538,END02662,P37231,ENST00000455517
2248,1539,END02663,empty,empty
2249,1540,END02664,empty,empty
2250,1541,END02665,P10828,ENST00000456926
2251,1542,END02666,P10828,ENST00000456926
2252,1543,END02667,P10828,ENST00000456926
2253,1544,END02668,P10828,ENST00000456926
2254,1545,END02669,P34995,ENST00000292513
2255,1546,END02670,P49190,ENST00000419079
2256,1547,END02671,P49190,ENST00000419079
2257,1548,END02672,P49190,ENST00000419079
2258,1549,END02673,P49190,ENST00000419079
2259,1550,END02674,P10828,ENST00000456926
2260,1551,END02675,P46663,ENST00000216629
2261,1552,END02676,P46663,ENST00000216629
2262,1553,END02677,P30559,ENST00000449615
2263,1554,END02678,P14151,ENST00000236147
2264,1555,END02679,Q99467,ENST00000256447
2265,1556,END02681,P43220,ENST00000373256
2266,1557,END02682,empty,empty
2267,1558,END02683,Q5T6X5,ENST00000530250
2268,1559,END02684,O43909,ENST00000220562
2269,1560,END02685,O43909,ENST00000220562
2270,1561,END02686,O43909,ENST00000220562
2271,1562,END02687,Q9GZQ6,ENST00000449957
2272,1563,END02688,Q9GZQ6,ENST00000449957
2273,1564,END02689,Q99788,ENST00000436420
2274,1565,END02690,Q99788,ENST00000436420
2275,1566,END02691,Q99788,ENST00000436420
2276,1567,END02692,Q99788,ENST00000436420
2277,1568,END02693,Q6W5P4,ENST00000396095
2278,1569,END02694,Q6W5P4,ENST00000396095
2279,1570,END02695,Q6W5P4,ENST00000396095
2280,1571,END02696,Q6W5P4,ENST00000396095
2281,1572,END02697,P51684,ENST00000400926
2282,1573,END02698,P51684,ENST00000400926
2283,1574,END02699,P51684,ENST00000400926
2284,1575,END02700,P16234,ENST00000257290
2285,1576,END02701,empty,empty
2286,1577,END02702,P32248,ENST00000246657
2287,1578,END02703,Q96P65,ENST00000394427
2288,1579,END02704,P36941,ENST00000228918
2289,1580,END02705,P36941,ENST00000228918
2290,1581,END02707,P28336,ENST00000258042
2291,1582,END02708,Q15116,ENST00000334409
2292,1583,END02709,P54760,ENST00000432114
2293,1584,END02710,P11362,ENST00000447712
2294,1585,END02711,P21802,ENST00000457416
2295,1586,END02713,P21802,ENST00000457416
2296,1587,END02714,O15146,ENST00000416899
2297,1588,END02715,P20594,ENST00000455603
2298,1589,END02716,P16066,ENST00000428723
2299,1590,END02717,P16066,ENST00000428723
2300,1591,END02718,P16066,ENST00000428723
2301,1592,END02719,P20594,ENST00000455603
2302,1593,END02720,P36888,ENST00000380987
2303,1594,END02721,Q16570,ENST00000435307
2304,1595,END02722,Q16570,ENST00000435307
2305,1596,END02723,P43489,ENST00000453580
2306,1597,END02724,O75056,ENST00000339394
2307,1598,END02725,Q13635,ENST00000450369
2308,1599,END02726,P23467,ENST00000368226
2309,1600,END02727,Q8NER5,ENST00000409680
2310,1601,END02728,P32238,ENST00000295589
2311,1602,END02729,Q99062,ENST00000440588
2312,1603,END02730,Q8TCW9,empty
2313,1604,END02731,Q9UEF7,ENST00000380099
2314,1605,END02733,Q9UEF7,ENST00000380099
2315,1606,END02734,P17948,ENST00000282397
2316,1607,END02735,P25090,ENST00000340023
2317,1608,END02736,P47872,empty
2318,1609,END02738,P11473,ENST00000395324
2319,1610,END02739,P31431,empty
