,Unnamed: 0.1,Endo_id,cell,receptor
0,0,END00066,ENC00176,ENR00935
1,1,END00068,ENC00003,ENR00942
2,2,END00069,ENC00002,ENR00936
3,3,END00071,ENC00007,ENR00263
4,4,END00072,ENC00163,ENR00941
5,5,END00073,ENC00181,ENR00941
6,6,END00074,ENC00182,ENR00941
7,7,END00075,ENC00097,ENR00941
8,8,END00076,ENC00037,ENR00941
9,9,END00077,ENC00125,ENR00941
10,10,END00078,ENC00053,ENR00941
11,11,END00079,ENC00183,ENR00941
12,12,END00080,ENC00140,ENR00941
13,13,END00084,ENC00053,ENR00574
14,14,END00089,ENC00145,ENR00936
15,15,END00093,ENC00062,ENR00263
16,16,END00116,ENC00044,ENR00788
17,17,END00119,ENC00143,ENR00789
18,18,END00120,ENC00067,ENR00789
19,19,END00121,ENC00119,ENR00788
20,20,END00123,ENC00177,ENR00079
21,21,END00125,ENC00169,ENR00761
22,22,END00127,ENC00044,ENR00789
23,23,END00131,ENC00168,ENR00788
24,24,END00134,ENC00168,ENR00789
25,25,END00135,ENC00174,ENR00978
26,26,END00136,ENC00002,ENR00574
27,27,END00138,ENC00164,ENR00817
28,28,END00139,ENC00189,ENR00979
29,29,END00140,ENC00053,ENR00691
30,30,END00143,ENC00063,ENR00662
31,31,END00144,ENC00082,ENR00760
32,32,END00146,ENC00189,ENR00976
33,33,END00147,ENC00003,ENR00977
34,34,END00148,ENC00189,ENR00767
35,35,END00152,ENC00157,ENR00761
36,36,END00153,ENC00168,ENR00761
37,37,END00154,ENC00169,ENR00864
38,38,END00155,ENC00168,ENR00864
39,39,END00156,ENC00157,ENR00864
40,40,END00157,ENC00025,ENR00659
41,41,END00158,ENC00025,ENR00982
42,42,END00159,ENC00025,ENR00984
43,43,END00160,ENC00171,ENR00884
44,44,END00161,ENC00102,ENR00884
45,45,END00163,ENC00020,ENR00737
46,46,END00164,ENC00053,ENR00737
47,47,END00166,ENC00132,ENR00737
48,48,END00167,ENC00063,ENR00737
49,49,END00169,ENC00020,ENR00738
50,50,END00170,ENC00053,ENR00738
51,51,END00171,ENC00002,ENR00738
52,52,END00173,ENC00132,ENR00738
53,53,END00174,ENC00063,ENR00738
54,54,END00175,ENC00020,ENR00739
55,55,END00176,ENC00053,ENR00739
56,56,END00177,ENC00002,ENR00739
57,57,END00179,ENC00132,ENR00739
58,58,END00180,ENC00053,ENR00920
59,59,END00182,ENC00020,ENR00920
60,60,END00183,ENC00132,ENR00920
61,61,END00184,ENC00020,ENR00921
62,62,END00185,ENC00050,ENR00921
63,63,END00187,ENC00132,ENR00921
64,64,END00188,ENC00074,ENR00921
65,65,END00189,ENC00112,ENR00921
66,66,END00190,ENC00189,ENR00738
67,67,END00191,ENC00004,ENR00873
68,68,END00194,ENC00007,ENR00865
69,69,END00195,ENC00007,ENR00855
70,70,END00196,ENC00002,ENR00865
71,71,END00201,ENC00074,ENR00743
72,72,END00202,ENC00063,ENR00745
73,73,END00203,ENC00074,ENR00745
74,74,END00204,ENC00177,ENR00738
75,75,END00205,ENC00177,ENR00739
76,76,END00207,ENC00005,ENR00228
77,77,END00208,ENC00048,ENR00228
78,78,END00209,ENC00063,ENR00228
79,79,END00210,ENC00102,ENR00228
80,80,END00211,ENC00132,ENR00228
81,81,END00212,ENC00127,ENR00228
82,82,END00213,ENC00145,ENR00228
83,83,END00214,ENC00122,ENR00228
84,84,END00215,ENC00082,ENR00761
85,85,END00216,ENC00004,ENR00935
86,86,END00218,ENC00122,ENR00935
87,87,END00219,ENC00048,ENR00935
88,88,END00221,ENC00145,ENR00970
89,89,END00222,ENC00115,ENR00663
90,90,END00224,ENC00143,ENR00663
91,91,END00225,ENC00044,ENR00663
92,92,END00226,ENC00166,ENR00085
93,93,END00228,ENC00189,ENR00906
94,94,END00229,ENC00189,ENR00905
95,95,END00230,ENC00009,ENR00986
96,96,END00231,ENC00050,ENR00986
97,97,END00232,ENC00102,ENR00986
98,98,END00233,ENC00127,ENR00986
99,99,END00234,ENC00140,ENR00986
100,100,END00235,ENC00145,ENR00986
101,101,END00236,ENC00122,ENR00986
102,102,END00237,ENC00050,ENR00928
103,103,END00238,ENC00063,ENR00928
104,104,END00240,ENC00027,ENR00928
105,105,END00242,ENC00145,ENR00659
106,106,END00244,ENC00076,ENR00263
107,107,END00245,ENC00140,ENR00263
108,108,END00246,ENC00115,ENR00263
109,109,END00247,ENC00044,ENR00263
110,110,END00248,ENC00176,ENR00744
111,111,END00249,ENC00177,ENR00970
112,112,END00251,ENC00074,ENR00817
113,113,END00252,ENC00063,ENR00784
114,114,END00254,ENC00063,ENR00929
115,115,END00255,ENC00166,ENR00263
116,116,END00256,ENC00134,ENR00817
117,117,END00257,ENC00154,ENR00817
118,118,END00258,ENC00009,ENR00817
119,119,END00260,ENC00130,ENR00987
120,120,END00261,ENC00048,ENR00987
121,121,END00262,ENC00182,ENR00767
122,122,END00263,ENC00207,ENR00767
123,123,END00265,ENC00128,ENR00767
124,124,END00266,ENC00001,ENR00817
125,125,END00267,ENC00067,ENR00760
126,126,END00268,ENC00140,ENR00764
127,127,END00269,ENC00140,ENR00762
128,128,END00270,ENC00140,ENR00761
129,129,END00271,ENC00002,ENR00979
130,130,END00273,ENC00063,ENR00744
131,131,END00274,ENC00044,ENR00704
132,132,END00275,ENC00037,ENR00704
133,133,END00276,ENC00115,ENR00905
134,134,END00277,ENC00119,ENR00905
135,135,END00278,ENC00166,ENR00905
136,136,END00279,ENC00044,ENR00905
137,137,END00280,ENC00167,ENR00905
138,138,END00281,ENC00050,ENR00704
139,139,END00282,ENC00037,ENR00905
140,140,END00283,ENC00037,ENR00085
141,141,END00284,ENC00211,ENR00704
142,142,END00285,ENC00211,ENR00905
143,143,END00286,ENC00211,ENR00694
144,144,END00287,ENC00211,ENR00906
145,145,END00288,ENC00211,ENR00663
146,146,END00289,ENC00212,ENR00704
147,147,END00290,ENC00212,ENR00905
148,148,END00291,ENC00212,ENR00694
149,149,END00292,ENC00212,ENR00906
150,150,END00293,ENC00212,ENR00663
151,151,END00294,ENC00213,ENR00704
152,152,END00295,ENC00213,ENR00905
153,153,END00296,ENC00213,ENR00694
154,154,END00297,ENC00213,ENR00906
155,155,END00299,ENC00210,ENR00704
156,156,END00301,ENC00210,ENR00694
157,157,END00302,ENC00210,ENR00906
158,158,END00303,ENC00214,ENR00663
159,159,END00304,ENC00214,ENR00704
160,160,END00305,ENC00214,ENR00905
161,161,END00306,ENC00213,ENR00663
162,162,END00307,ENC00093,ENR00704
163,163,END00308,ENC00093,ENR00905
164,164,END00309,ENC00093,ENR00663
165,165,END00311,ENC00096,ENR00715
166,166,END00312,ENC00093,ENR00861
167,167,END00313,ENC00096,ENR00861
168,168,END00314,ENC00215,ENR00663
169,169,END00315,ENC00215,ENR00905
170,170,END00318,ENC00115,ENR00704
171,171,END00320,ENC00074,ENR00691
172,172,END00321,ENC00020,ENR00982
173,173,END00322,ENC00074,ENR00982
174,174,END00323,ENC00074,ENR00659
175,175,END00324,ENC00074,ENR00695
176,176,END00325,ENC00074,ENR00535
177,177,END00326,ENC00074,ENR00988
178,178,END00327,ENC00074,ENR00989
179,179,END00328,ENC00020,ENR00691
180,180,END00329,ENC00063,ENR00691
181,181,END00331,ENC00048,ENR00691
182,182,END00332,ENC00184,ENR00691
183,183,END00334,ENC00063,ENR00991
184,184,END00335,ENC00074,ENR00991
185,185,END00336,ENC00020,ENR00991
186,186,END00337,ENC00048,ENR00991
187,187,END00338,ENC00216,ENR00691
188,188,END00339,ENC00216,ENR00991
189,189,END00340,ENC00122,ENR00691
190,190,END00341,ENC00122,ENR00991
191,191,END00342,ENC00217,ENR00691
192,192,END00343,ENC00217,ENR00991
193,193,END00344,ENC00218,ENR00691
194,194,END00345,ENC00218,ENR00991
195,195,END00346,ENC00219,ENR00691
196,196,END00347,ENC00219,ENR00991
197,197,END00349,ENC00002,ENR00993
198,198,END00350,ENC00176,ENR00992
199,199,END00352,ENC00189,ENR00704
200,200,END00353,ENC00189,ENR00936
201,201,END00354,ENC00189,ENR00263
202,202,END00355,ENC00048,ENR00762
203,203,END00356,ENC00025,ENR00763
204,204,END00357,ENC00025,ENR00994
205,205,END00358,ENC00220,ENR00994
206,206,END00359,ENC00191,ENR00994
207,207,END00360,ENC00157,ENR00941
208,208,END00361,ENC00169,ENR00941
209,209,END00362,ENC00157,ENR00965
210,210,END00363,ENC00169,ENR00965
211,211,END00364,ENC00005,ENR00118
212,212,END00365,ENC00221,ENR00118
213,213,END00366,ENC00063,ENR00118
214,214,END00368,ENC00127,ENR00118
215,215,END00370,ENC00018,ENR00118
216,216,END00371,ENC00074,ENR00118
217,217,END00374,ENC00112,ENR00118
218,218,END00375,ENC00048,ENR00118
219,219,END00377,ENC00097,ENR00118
220,220,END00379,ENC00022,ENR00118
221,221,END00381,ENC00128,ENR00118
222,222,END00382,ENC00152,ENR00118
223,223,END00383,ENC00216,ENR00118
224,224,END00384,ENC00130,ENR00118
225,225,END00385,ENC00140,ENR00118
226,226,END00386,ENC00122,ENR00118
227,227,END00387,ENC00020,ENR00118
228,228,END00389,ENC00233,ENR00118
229,229,END00390,ENC00184,ENR00118
230,230,END00391,ENC00055,ENR00118
231,231,END00392,ENC00164,ENR00118
232,232,END00394,ENC00074,ENR00704
233,233,END00395,ENC00063,ENR00704
234,234,END00396,ENC00009,ENR00704
235,235,END00398,ENC00076,ENR00905
236,236,END00399,ENC00076,ENR00704
237,237,END00401,ENC00063,ENR00664
238,238,END00402,ENC00093,ENR00664
239,239,END00403,ENC00076,ENR00085
240,240,END00405,ENC00067,ENR00905
241,241,END00406,ENC00150,ENR00905
242,242,END00407,ENC00128,ENR00905
243,243,END00408,ENC00246,ENR00704
244,244,END00409,ENC00246,ENR00905
245,245,END00410,ENC00022,ENR00704
246,246,END00411,ENC00022,ENR00905
247,247,END00412,ENC00078,ENR00998
248,248,END00413,ENC00248,ENR00998
249,249,END00414,ENC00041,ENR00749
250,250,END00415,ENC00247,ENR00725
251,251,END00416,ENC00228,ENR00725
252,252,END00417,ENC00219,ENR00725
253,253,END00418,ENC00088,ENR00748
254,254,END00419,ENC00249,ENR00748
255,255,END00420,ENC00250,ENR00748
256,256,END00421,ENC00231,ENR00748
257,257,END00422,ENC00244,ENR00748
258,258,END00423,ENC00217,ENR00748
259,259,END00424,ENC00228,ENR00748
260,260,END00426,ENC00233,ENR00748
261,261,END00427,ENC00088,ENR00749
262,262,END00428,ENC00249,ENR00749
263,263,END00429,ENC00250,ENR00749
264,264,END00430,ENC00231,ENR00749
265,265,END00431,ENC00244,ENR00749
266,266,END00432,ENC00217,ENR00749
267,267,END00433,ENC00219,ENR00749
268,268,END00434,ENC00247,ENR00749
269,269,END00435,ENC00228,ENR00749
270,270,END00437,ENC00233,ENR00749
271,271,END00438,ENC00018,ENR00998
272,272,END00439,ENC00219,ENR00998
273,273,END00440,ENC00217,ENR00998
274,274,END00441,ENC00228,ENR00998
275,275,END00443,ENC00251,ENR00998
276,276,END00444,ENC00088,ENR00998
277,277,END00445,ENC00249,ENR00998
278,278,END00447,ENC00130,ENR00998
279,279,END00448,ENC00144,ENR00998
280,280,END00449,ENC00074,ENR00998
281,281,END00450,ENC00127,ENR00998
282,282,END00451,ENC00184,ENR00998
283,283,END00452,ENC00048,ENR00998
284,284,END00454,ENC00253,ENR00664
285,285,END00455,ENC00096,ENR00898
286,286,END00456,ENC00096,ENR00999
287,287,END00457,ENC00063,ENR00999
288,288,END00458,ENC00163,ENR00834
289,289,END00459,ENC00076,ENR00835
290,290,END00460,ENC00093,ENR00835
291,291,END00461,ENC00093,ENR00834
292,292,END00462,ENC00007,ENR00700
293,293,END00464,ENC00164,ENR00816
294,294,END00466,ENC00164,ENR00922
295,295,END00467,ENC00161,ENR00769
296,296,END00468,ENC00257,ENR00923
297,297,END00469,ENC00258,ENR00923
298,298,END00470,ENC00161,ENR00923
299,299,END00471,ENC00184,ENR00923
300,300,END00473,ENC00035,ENR00923
301,301,END00474,ENC00102,ENR00923
302,302,END00475,ENC00086,ENR00805
303,303,END00476,ENC00086,ENR00806
304,304,END00477,ENC00086,ENR00807
305,305,END00478,ENC00078,ENR00805
306,306,END00479,ENC00078,ENR00806
307,307,END00481,ENC00207,ENR00959
308,308,END00482,ENC00074,ENR00959
309,309,END00483,ENC00259,ENR00959
310,310,END00484,ENC00260,ENR00959
311,311,END00486,ENC00041,ENR00959
312,312,END00488,ENC00067,ENR00959
313,313,END00489,ENC00157,ENR00959
314,314,END00490,ENC00261,ENR00959
315,315,END00491,ENC00062,ENR00959
316,316,END00492,ENC00007,ENR00663
317,317,END00493,ENC00007,ENR00835
318,318,END00494,ENC00168,ENR00781
319,319,END00495,ENC00168,ENR00808
320,320,END00496,ENC00259,ENR00662
321,321,END00497,ENC00213,ENR00662
322,322,END00498,ENC00245,ENR00662
323,323,END00499,ENC00050,ENR00662
324,324,END00500,ENC00262,ENR00662
325,325,END00501,ENC00168,ENR00780
326,326,END00502,ENC00168,ENR00817
327,327,END00503,ENC00011,ENR00817
328,328,END00504,ENC00157,ENR00817
329,329,END00505,ENC00169,ENR00817
330,330,END00506,ENC00011,ENR00784
331,331,END00508,ENC00011,ENR00929
332,332,END00509,ENC00011,ENR00987
333,333,END00510,ENC00157,ENR00929
334,334,END00511,ENC00168,ENR00929
335,335,END00512,ENC00169,ENR00929
336,336,END00513,ENC00110,ENR00805
337,337,END00514,ENC00115,ENR00799
338,338,END00515,ENC00263,ENR00800
339,339,END00516,ENC00181,ENR00799
340,340,END00517,ENC00181,ENR00800
341,341,END00518,ENC00181,ENR00801
342,342,END00519,ENC00181,ENR00802
343,343,END00520,ENC00181,ENR00803
344,344,END00521,ENC00181,ENR00804
345,345,END00522,ENC00264,ENR00799
346,346,END00523,ENC00264,ENR00800
347,347,END00524,ENC00264,ENR00801
348,348,END00525,ENC00264,ENR00803
349,349,END00526,ENC00265,ENR00799
350,350,END00527,ENC00265,ENR00800
351,351,END00528,ENC00265,ENR00801
352,352,END00529,ENC00265,ENR00802
353,353,END00530,ENC00265,ENR00803
354,354,END00531,ENC00265,ENR00804
355,355,END00532,ENC00266,ENR00802
356,356,END00533,ENC00266,ENR00803
357,357,END00534,ENC00267,ENR00799
358,358,END00535,ENC00267,ENR00802
359,359,END00536,ENC00267,ENR00803
360,360,END00537,ENC00268,ENR00802
361,361,END00538,ENC00268,ENR00803
362,362,END00539,ENC00269,ENR00800
363,363,END00540,ENC00269,ENR00802
364,364,END00541,ENC00269,ENR00803
365,365,END00542,ENC00168,ENR00361
366,366,END00543,ENC00169,ENR00361
367,367,END00544,ENC00274,ENR00361
368,368,END00545,ENC00257,ENR00361
369,369,END00546,ENC00258,ENR00361
370,370,END00547,ENC00050,ENR00361
371,371,END00548,ENC00182,ENR00361
372,372,END00549,ENC00275,ENR00361
373,373,END00550,ENC00231,ENR00636
374,374,END00551,ENC00300,ENR00636
375,375,END00552,ENC00074,ENR00636
376,376,END00553,ENC00112,ENR00636
377,377,END00554,ENC00020,ENR00636
378,378,END00555,ENC00063,ENR00636
379,379,END00556,ENC00115,ENR01002
380,380,END00557,ENC00063,ENR00776
381,381,END00558,ENC00074,ENR00776
382,382,END00559,ENC00122,ENR00776
383,383,END00560,ENC00130,ENR00776
384,384,END00561,ENC00112,ENR00729
385,385,END00562,ENC00074,ENR00729
386,386,END00563,ENC00246,ENR00730
387,387,END00564,ENC00063,ENR00730
388,388,END00565,ENC00127,ENR00730
389,389,END00567,ENC00112,ENR00730
390,390,END00568,ENC00221,ENR00731
391,391,END00569,ENC00127,ENR00731
392,392,END00570,ENC00074,ENR00731
393,393,END00571,ENC00063,ENR00731
394,394,END00572,ENC00144,ENR00731
395,395,END00573,ENC00246,ENR00731
396,396,END00574,ENC00020,ENR00731
397,397,END00575,ENC00302,ENR00731
398,398,END00576,ENC00184,ENR00732
399,399,END00577,ENC00112,ENR00732
400,400,END00579,ENC00246,ENR00732
401,401,END00581,ENC00074,ENR00733
402,402,END00582,ENC00112,ENR00733
403,403,END00583,ENC00102,ENR00733
404,404,END00584,ENC00037,ENR00776
405,405,END00585,ENC00037,ENR00731
406,406,END00586,ENC00037,ENR00729
407,407,END00587,ENC00037,ENR00643
408,408,END00588,ENC00303,ENR00643
409,409,END00589,ENC00037,ENR00705
410,410,END00590,ENC00115,ENR00634
411,411,END00591,ENC00037,ENR00634
412,412,END00592,ENC00037,ENR00864
413,413,END00594,ENC00037,ENR00835
414,414,END00595,ENC00228,ENR00589
415,415,END00596,ENC00248,ENR00589
416,416,END00598,ENC00247,ENR00589
417,417,END00599,ENC00248,ENR00841
418,418,END00600,ENC00247,ENR00841
419,419,END00601,ENC00018,ENR00841
420,420,END00602,ENC00130,ENR00841
421,421,END00603,ENC00306,ENR00841
422,422,END00604,ENC00228,ENR00842
423,423,END00605,ENC00112,ENR00842
424,424,END00606,ENC00102,ENR00842
425,425,END00607,ENC00112,ENR00843
426,426,END00608,ENC00130,ENR00843
427,427,END00609,ENC00248,ENR00843
428,428,END00610,ENC00247,ENR00843
429,429,END00611,ENC00228,ENR00843
430,430,END00612,ENC00216,ENR00843
431,431,END00613,ENC00097,ENR00844
432,432,END00614,ENC00247,ENR00844
433,433,END00615,ENC00115,ENR00844
434,434,END00616,ENC00140,ENR00844
435,435,END00617,ENC00247,ENR00703
436,436,END00618,ENC00228,ENR00703
437,437,END00619,ENC00020,ENR00591
438,438,END00620,ENC00112,ENR00591
439,439,END00621,ENC00130,ENR00591
440,440,END00622,ENC00132,ENR00591
441,441,END00623,ENC00127,ENR00591
442,442,END00624,ENC00074,ENR00591
443,443,END00625,ENC00130,ENR00590
444,444,END00626,ENC00306,ENR00590
445,445,END00627,ENC00247,ENR00590
446,446,END00628,ENC00228,ENR00590
447,447,END00629,ENC00074,ENR00590
448,448,END00631,ENC00307,ENR00590
449,449,END00632,ENC00130,ENR00592
450,450,END00633,ENC00306,ENR00592
451,451,END00634,ENC00144,ENR00592
452,452,END00635,ENC00307,ENR00592
453,453,END00636,ENC00074,ENR00592
454,454,END00637,ENC00130,ENR00651
455,455,END00638,ENC00306,ENR00651
456,456,END00639,ENC00308,ENR00651
457,457,END00640,ENC00003,ENR00724
458,458,END00641,ENC00231,ENR00884
459,459,END00642,ENC00283,ENR00884
460,460,END00643,ENC00037,ENR00861
461,461,END00644,ENC00037,ENR00979
462,462,END00645,ENC00044,ENR00979
463,463,END00646,ENC00143,ENR00979
464,464,END00647,ENC00037,ENR00632
465,465,END00648,ENC00037,ENR00654
466,466,END00649,ENC00037,ENR00885
467,467,END00650,ENC00037,ENR00724
468,468,END00651,ENC00037,ENR00848
469,469,END00652,ENC00112,ENR00848
470,470,END00653,ENC00037,ENR00834
471,471,END00654,ENC00112,ENR00834
472,472,END00655,ENC00112,ENR00835
473,473,END00656,ENC00309,ENR01004
474,474,END00657,ENC00216,ENR01004
475,475,END00658,ENC00249,ENR01004
476,476,END00659,ENC00249,ENR01005
477,477,END00660,ENC00249,ENR00864
478,478,END00661,ENC00273,ENR01004
479,479,END00662,ENC00035,ENR01005
480,480,END00663,ENC00013,ENR01005
481,481,END00666,ENC00217,ENR00681
482,482,END00667,ENC00234,ENR01006
483,483,END00668,ENC00137,ENR01007
484,484,END00669,ENC00112,ENR01004
485,485,END00670,ENC00249,ENR01007
486,486,END00686,ENC00005,ENR00693
487,487,END00688,ENC00130,ENR00693
488,488,END00689,ENC00048,ENR00693
489,489,END00691,ENC00112,ENR00693
490,490,END00692,ENC00074,ENR00693
491,491,END00693,ENC00097,ENR00693
492,492,END00694,ENC00316,ENR00811
493,493,END00695,ENC00001,ENR00079
494,494,END00696,ENC00093,ENR00999
495,495,END00698,ENC00318,ENR00664
496,496,END00699,ENC00318,ENR00999
497,497,END00700,ENC00096,ENR00582
498,498,END00701,ENC00093,ENR00730
499,499,END00702,ENC00096,ENR00730
500,500,END00703,ENC00093,ENR00731
501,501,END00704,ENC00096,ENR00731
502,502,END00705,ENC00096,ENR00595
503,503,END00706,ENC00320,ENR00999
504,504,END00707,ENC00319,ENR00679
505,505,END00708,ENC00319,ENR00717
506,506,END00709,ENC00096,ENR00704
507,507,END00710,ENC00128,ENR01008
508,508,END00711,ENC00231,ENR01008
509,509,END00712,ENC00093,ENR00865
510,510,END00714,ENC00122,ENR00979
511,511,END00715,ENC00102,ENR00979
512,512,END00725,ENC00302,ENR00808
513,513,END00726,ENC00048,ENR00808
514,514,END00727,ENC00063,ENR00808
515,515,END00728,ENC00005,ENR00808
516,516,END00729,ENC00020,ENR00808
517,517,END00731,ENC00009,ENR00808
518,518,END00732,ENC00074,ENR00808
519,519,END00733,ENC00302,ENR00777
520,520,END00734,ENC00005,ENR00777
521,521,END00735,ENC00102,ENR00777
522,522,END00736,ENC00048,ENR00777
523,523,END00737,ENC00009,ENR00777
524,524,END00738,ENC00246,ENR00777
525,525,END00739,ENC00097,ENR00777
526,526,END00740,ENC00319,ENR00595
527,527,END00741,ENC00048,ENR00979
528,528,END00742,ENC00063,ENR00979
529,529,END00743,ENC00112,ENR00760
530,530,END00744,ENC00125,ENR00760
531,531,END00745,ENC00140,ENR00760
532,532,END00746,ENC00210,ENR00760
533,533,END00747,ENC00222,ENR00760
534,534,END00748,ENC00231,ENR00760
535,535,END00749,ENC00283,ENR00760
536,536,END00750,ENC00318,ENR00894
537,537,END00751,ENC00018,ENR00595
538,538,END00752,ENC00247,ENR00595
539,539,END00753,ENC00318,ENR00595
540,540,END00754,ENC00324,ENR00595
541,541,END00755,ENC00318,ENR00838
542,542,END00756,ENC00078,ENR00838
543,543,END00757,ENC00219,ENR00882
544,544,END00758,ENC00219,ENR01009
545,545,END00759,ENC00305,ENR01009
546,546,END00761,ENC00318,ENR01011
547,547,END00762,ENC00093,ENR00536
548,548,END00763,ENC00093,ENR00614
549,549,END00764,ENC00112,ENR00930
550,550,END00765,ENC00093,ENR00806
551,551,END00766,ENC00093,ENR00959
552,552,END00767,ENC00093,ENR00741
553,553,END00768,ENC00093,ENR00765
554,554,END00769,ENC00093,ENR00960
555,555,END00770,ENC00093,ENR00061
556,556,END00771,ENC00004,ENR00435
557,557,END00772,ENC00005,ENR00435
558,558,END00774,ENC00216,ENR00435
559,559,END00775,ENC00184,ENR00435
560,560,END00776,ENC00244,ENR00435
561,561,END00777,ENC00231,ENR00435
562,562,END00779,ENC00171,ENR00435
563,563,END00781,ENC00020,ENR00696
564,564,END00783,ENC00249,ENR00696
565,565,END00784,ENC00096,ENR00716
566,566,END00785,ENC00096,ENR01013
567,567,END00786,ENC00216,ENR01013
568,568,END00787,ENC00250,ENR00873
569,569,END00790,ENC00250,ENR00999
570,570,END00791,ENC00250,ENR00865
571,571,END00792,ENC00250,ENR00058
572,572,END00793,ENC00250,ENR00699
573,573,END00794,ENC00250,ENR00698
574,574,END00795,ENC00250,ENR00659
575,575,END00797,ENC00250,ENR00982
576,576,END00800,ENC00250,ENR00984
577,577,END00801,ENC00250,ENR00934
578,578,END00802,ENC00250,ENR00983
579,579,END00803,ENC00313,ENR00970
580,580,END00804,ENC00314,ENR00970
581,581,END00805,ENC00222,ENR01017
582,582,END00806,ENC00102,ENR01017
583,583,END00807,ENC00074,ENR01017
584,584,END00808,ENC00013,ENR01018
585,585,END00809,ENC00247,ENR01018
586,586,END00810,ENC00231,ENR01018
587,587,END00811,ENC00066,ENR01018
588,588,END00812,ENC00112,ENR01018
589,589,END00813,ENC00122,ENR01018
590,590,END00814,ENC00004,ENR01018
591,591,END00815,ENC00018,ENR01018
592,592,END00816,ENC00207,ENR01018
593,593,END00817,ENC00037,ENR01018
594,594,END00818,ENC00005,ENR01018
595,595,END00819,ENC00093,ENR00582
596,596,END00820,ENC00074,ENR01019
597,597,END00821,ENC00184,ENR01019
598,598,END00822,ENC00018,ENR01019
599,599,END00823,ENC00020,ENR01019
600,600,END00824,ENC00306,ENR01019
601,601,END00825,ENC00097,ENR01019
602,602,END00826,ENC00112,ENR01019
603,603,END00827,ENC00115,ENR01019
604,604,END00828,ENC00125,ENR01019
605,605,END00829,ENC00174,ENR00579
606,606,END00830,ENC00174,ENR00804
607,607,END00831,ENC00174,ENR00806
608,608,END00832,ENC00174,ENR00737
609,609,END00833,ENC00180,ENR00738
610,610,END00835,ENC00180,ENR00739
611,611,END00836,ENC00180,ENR00920
612,612,END00837,ENC00179,ENR00739
613,613,END00838,ENC00179,ENR00737
614,614,END00839,ENC00179,ENR00738
615,615,END00840,ENC00179,ENR00920
616,616,END00841,ENC00174,ENR00956
617,617,END00842,ENC00174,ENR00738
618,618,END00843,ENC00174,ENR00739
619,619,END00844,ENC00174,ENR00920
620,620,END00845,ENC00174,ENR00921
621,621,END00846,ENC00180,ENR00935
622,622,END00847,ENC00102,ENR00579
623,623,END00848,ENC00062,ENR00579
624,624,END00849,ENC00344,ENR01020
625,625,END00850,ENC00184,ENR01020
626,626,END00851,ENC00127,ENR01020
627,627,END00852,ENC00244,ENR01020
628,628,END00853,ENC00132,ENR01020
629,629,END00855,ENC00222,ENR01022
630,630,END00856,ENC00247,ENR01022
631,631,END00857,ENC00112,ENR01024
632,632,END00858,ENC00122,ENR01024
633,633,END00859,ENC00125,ENR01025
634,634,END00860,ENC00283,ENR01025
635,635,END00861,ENC00048,ENR01025
636,636,END00863,ENC00122,ENR01026
637,637,END00865,ENC00020,ENR01028
638,638,END00866,ENC00014,ENR01028
639,639,END00867,ENC00342,ENR01028
640,640,END00868,ENC00018,ENR01028
641,641,END00869,ENC00063,ENR01028
642,642,END00870,ENC00112,ENR01028
643,643,END00872,ENC00122,ENR01028
644,644,END00873,ENC00048,ENR01029
645,645,END00874,ENC00112,ENR01029
646,646,END00875,ENC00074,ENR01029
647,647,END00876,ENC00063,ENR01029
648,648,END00877,ENC00102,ENR01029
649,649,END00878,ENC00115,ENR01029
650,650,END00879,ENC00097,ENR01029
651,651,END00880,ENC00364,ENR00958
652,652,END00881,ENC00365,ENR00958
653,653,END00882,ENC00093,ENR00645
654,654,END00884,ENC00384,ENR00979
655,655,END00885,ENC00145,ENR01029
656,656,END00886,ENC00062,ENR01029
657,657,END00888,ENC00262,ENR01030
658,658,END00889,ENC00050,ENR01030
659,659,END00890,ENC00171,ENR01030
660,660,END00891,ENC00102,ENR01030
661,661,END00892,ENC00062,ENR01030
662,662,END00893,ENC00222,ENR01030
663,663,END00894,ENC00132,ENR01030
664,664,END00895,ENC00020,ENR01031
665,665,END00896,ENC00323,ENR01031
666,666,END00897,ENC00063,ENR01031
667,667,END00898,ENC00122,ENR01031
668,668,END00899,ENC00140,ENR01031
669,669,END00900,ENC00020,ENR01032
670,670,END00901,ENC00262,ENR01032
671,671,END00902,ENC00048,ENR01032
672,672,END00903,ENC00050,ENR01032
673,673,END00904,ENC00011,ENR01032
674,674,END00906,ENC00181,ENR01032
675,675,END00907,ENC00102,ENR01032
676,676,END00908,ENC00112,ENR01032
677,677,END00909,ENC00258,ENR01032
678,678,END00910,ENC00122,ENR01032
679,679,END00911,ENC00357,ENR01032
680,680,END00912,ENC00130,ENR01032
681,681,END00913,ENC00134,ENR01032
682,682,END00914,ENC00262,ENR00430
683,683,END00915,ENC00184,ENR00430
684,684,END00916,ENC00221,ENR00430
685,685,END00917,ENC00097,ENR00430
686,686,END00918,ENC00102,ENR00430
687,687,END00919,ENC00062,ENR00430
688,688,END00920,ENC00074,ENR00430
689,689,END00921,ENC00063,ENR00430
690,690,END00922,ENC00122,ENR00430
691,691,END00923,ENC00140,ENR00430
692,692,END00924,ENC00145,ENR00430
693,693,END00925,ENC00102,ENR00519
694,694,END00926,ENC00122,ENR00519
695,695,END00927,ENC00063,ENR00519
696,696,END00928,ENC00048,ENR00519
697,697,END00929,ENC00102,ENR00520
698,698,END00930,ENC00062,ENR00520
699,699,END00931,ENC00323,ENR01033
700,700,END00932,ENC00093,ENR01033
701,701,END00933,ENC00020,ENR01034
702,702,END00934,ENC00246,ENR01034
703,703,END00935,ENC00020,ENR00712
704,704,END00936,ENC00074,ENR00712
705,705,END00938,ENC00048,ENR00712
706,706,END00939,ENC00063,ENR00712
707,707,END00940,ENC00102,ENR00712
708,708,END00941,ENC00122,ENR00712
709,709,END00942,ENC00112,ENR00712
710,710,END00943,ENC00076,ENR00670
711,711,END00945,ENC00048,ENR00670
712,712,END00946,ENC00112,ENR00670
713,713,END00947,ENC00074,ENR00670
714,714,END00949,ENC00122,ENR00670
715,715,END00950,ENC00063,ENR00670
716,716,END00951,ENC00102,ENR00670
717,717,END00952,ENC00020,ENR00670
718,718,END00953,ENC00207,ENR00670
719,719,END00960,ENC00311,ENR00823
720,720,END00962,ENC00311,ENR00917
721,721,END00964,ENC00161,ENR00898
722,722,END00965,ENC00386,ENR00898
723,723,END00966,ENC00191,ENR00993
724,724,END00967,ENC00189,ENR00935
725,725,END00968,ENC00102,ENR00766
726,726,END00969,ENC00063,ENR00766
727,727,END00970,ENC00184,ENR00766
728,728,END00971,ENC00127,ENR00766
729,729,END00972,ENC00306,ENR01036
730,730,END00973,ENC00130,ENR01036
731,731,END00975,ENC00013,ENR00643
732,732,END00976,ENC00130,ENR01039
733,733,END00977,ENC00306,ENR01039
734,734,END00978,ENC00233,ENR01039
735,735,END00979,ENC00144,ENR01039
736,736,END00980,ENC00233,ENR01040
737,737,END00981,ENC00048,ENR01041
738,738,END00982,ENC00112,ENR01041
739,739,END00983,ENC00074,ENR01041
740,740,END00984,ENC00122,ENR01041
741,741,END00985,ENC00063,ENR01041
742,742,END00986,ENC00144,ENR01041
743,743,END00988,ENC00020,ENR01041
744,744,END00989,ENC00184,ENR01041
745,745,END00990,ENC00130,ENR01041
746,746,END00991,ENC00127,ENR01041
747,747,END00992,ENC00389,ENR01041
748,748,END00993,ENC00150,ENR01041
749,749,END00994,ENC00231,ENR01041
750,750,END00995,ENC00260,ENR01041
751,751,END00996,ENC00390,ENR01041
752,752,END00997,ENC00391,ENR01041
753,753,END00998,ENC00263,ENR01041
754,754,END01000,ENC00140,ENR01041
755,755,END01001,ENC00145,ENR00489
756,756,END01002,ENC00063,ENR01038
757,757,END01003,ENC00048,ENR01038
758,758,END01004,ENC00396,ENR00667
759,759,END01005,ENC00396,ENR00670
760,760,END01006,ENC00020,ENR01044
761,761,END01007,ENC00122,ENR01044
762,762,END01008,ENC00112,ENR01044
763,763,END01010,ENC00130,ENR01051
764,764,END01012,ENC00074,ENR01051
765,765,END01013,ENC00112,ENR01051
766,766,END01014,ENC00127,ENR01051
767,767,END01015,ENC00102,ENR01051
768,768,END01016,ENC00184,ENR01051
769,769,END01017,ENC00048,ENR01051
770,770,END01018,ENC00048,ENR01052
771,771,END01019,ENC00112,ENR01052
772,772,END01020,ENC00130,ENR01052
773,773,END01021,ENC00389,ENR01052
774,774,END01022,ENC00009,ENR01052
775,775,END01023,ENC00074,ENR01052
776,776,END01024,ENC00389,ENR01051
777,777,END01025,ENC00128,ENR01052
778,778,END01027,ENC00152,ENR01038
779,779,END01028,ENC00128,ENR01038
780,780,END01029,ENC00150,ENR01038
781,781,END01030,ENC00231,ENR01038
782,782,END01031,ENC00182,ENR00824
783,783,END01032,ENC00403,ENR00824
784,784,END01033,ENC00050,ENR00824
785,785,END01034,ENC00257,ENR00824
786,786,END01035,ENC00134,ENR00824
787,787,END01036,ENC00404,ENR00824
788,788,END01037,ENC00361,ENR00824
789,789,END01038,ENC00405,ENR00766
790,790,END01041,ENC00262,ENR01058
791,791,END01042,ENC00275,ENR01058
792,792,END01043,ENC00050,ENR01058
793,793,END01044,ENC00182,ENR01058
794,794,END01045,ENC00315,ENR01058
795,795,END01046,ENC00322,ENR01058
796,796,END01047,ENC00018,ENR00668
797,797,END01048,ENC00018,ENR00669
798,798,END01049,ENC00018,ENR00670
799,799,END01050,ENC00074,ENR00669
800,800,END01051,ENC00112,ENR00669
801,801,END01053,ENC00063,ENR00669
802,802,END01054,ENC00048,ENR00669
803,803,END01055,ENC00020,ENR00669
804,804,END01056,ENC00150,ENR00669
805,805,END01057,ENC00074,ENR01061
806,806,END01059,ENC00112,ENR01061
807,807,END01061,ENC00063,ENR01061
808,808,END01062,ENC00048,ENR01061
809,809,END01063,ENC00020,ENR01061
810,810,END01064,ENC00150,ENR01061
811,811,END01065,ENC00143,ENR00808
812,812,END01066,ENC00167,ENR00808
813,813,END01067,ENC00044,ENR00808
814,814,END01068,ENC00166,ENR00808
815,815,END01069,ENC00043,ENR00808
816,816,END01070,ENC00097,ENR00808
817,817,END01071,ENC00048,ENR01062
818,818,END01072,ENC00020,ENR01062
819,819,END01074,ENC00112,ENR01062
820,820,END01075,ENC00063,ENR01062
821,821,END01078,ENC00280,ENR01063
822,822,END01079,ENC00284,ENR01063
823,823,END01080,ENC00130,ENR01063
824,824,END01081,ENC00144,ENR01063
825,825,END01082,ENC00097,ENR01063
826,826,END01083,ENC00127,ENR01063
827,827,END01084,ENC00184,ENR01063
828,828,END01085,ENC00102,ENR00957
829,829,END01086,ENC00132,ENR00957
830,830,END01087,ENC00007,ENR00957
831,831,END01089,ENC00284,ENR00957
832,832,END01090,ENC00184,ENR00957
833,833,END01091,ENC00414,ENR00957
834,834,END01092,ENC00405,ENR00957
835,835,END01093,ENC00415,ENR00957
836,836,END01094,ENC00416,ENR00957
837,837,END01095,ENC00035,ENR00957
838,838,END01096,ENC00262,ENR01065
839,839,END01097,ENC00050,ENR01065
840,840,END01098,ENC00357,ENR01065
841,841,END01099,ENC00140,ENR01065
842,842,END01100,ENC00408,ENR01066
843,843,END01101,ENC00357,ENR01066
844,844,END01102,ENC00413,ENR01066
845,845,END01103,ENC00140,ENR01066
846,846,END01105,ENC00102,ENR01066
847,847,END01106,ENC00009,ENR01066
848,848,END01107,ENC00145,ENR01066
849,849,END01108,ENC00074,ENR01066
850,850,END01109,ENC00315,ENR01066
851,851,END01110,ENC00130,ENR01066
852,852,END01111,ENC00144,ENR01066
853,853,END01112,ENC00020,ENR00747
854,854,END01113,ENC00074,ENR00747
855,855,END01115,ENC00144,ENR00747
856,856,END01116,ENC00130,ENR00747
857,857,END01117,ENC00102,ENR00747
858,858,END01118,ENC00112,ENR00747
859,859,END01119,ENC00020,ENR00741
860,860,END01120,ENC00048,ENR00741
861,861,END01121,ENC00063,ENR00741
862,862,END01124,ENC00112,ENR00741
863,863,END01125,ENC00048,ENR00753
864,864,END01126,ENC00122,ENR00753
865,865,END01127,ENC00020,ENR00753
866,866,END01129,ENC00418,ENR00753
867,867,END01131,ENC00365,ENR01069
868,868,END01132,ENC00063,ENR01069
869,869,END01134,ENC00132,ENR01069
870,870,END01135,ENC00244,ENR01069
871,871,END01136,ENC00145,ENR01069
872,872,END01137,ENC00184,ENR01069
873,873,END01138,ENC00150,ENR01069
874,874,END01139,ENC00231,ENR01069
875,875,END01140,ENC00412,ENR01069
876,876,END01141,ENC00249,ENR01069
877,877,END01142,ENC00127,ENR01069
878,878,END01143,ENC00112,ENR01069
879,879,END01144,ENC00164,ENR01070
880,880,END01145,ENC00323,ENR01070
881,881,END01146,ENC00020,ENR01070
882,882,END01147,ENC00207,ENR01070
883,883,END01148,ENC00397,ENR01070
884,884,END01149,ENC00216,ENR01070
885,885,END01150,ENC00037,ENR01070
886,886,END01151,ENC00078,ENR01070
887,887,END01152,ENC00420,ENR01074
888,888,END01153,ENC00112,ENR01075
889,889,END01154,ENC00074,ENR01075
890,890,END01155,ENC00421,ENR01075
891,891,END01156,ENC00274,ENR01075
892,892,END01158,ENC00074,ENR00696
893,893,END01159,ENC00063,ENR00696
894,894,END01160,ENC00048,ENR00696
895,895,END01162,ENC00063,ENR01077
896,896,END01163,ENC00127,ENR01077
897,897,END01164,ENC00221,ENR01077
898,898,END01165,ENC00009,ENR01077
899,899,END01166,ENC00219,ENR00611
900,900,END01167,ENC00251,ENR00611
901,901,END01168,ENC00287,ENR00614
902,902,END01169,ENC00130,ENR00619
903,903,END01170,ENC00144,ENR00619
904,904,END01171,ENC00102,ENR00619
905,905,END01172,ENC00122,ENR00619
906,906,END01173,ENC00020,ENR00619
907,907,END01174,ENC00048,ENR00619
908,908,END01175,ENC00063,ENR00619
909,909,END01176,ENC00112,ENR00619
910,910,END01177,ENC00074,ENR00619
911,911,END01179,ENC00247,ENR00619
912,912,END01181,ENC00287,ENR00619
913,913,END01182,ENC00217,ENR00653
914,914,END01183,ENC00074,ENR00839
915,915,END01185,ENC00130,ENR00839
916,916,END01187,ENC00144,ENR00839
917,917,END01188,ENC00115,ENR00839
918,918,END01189,ENC00127,ENR00839
919,919,END01190,ENC00184,ENR00839
920,920,END01191,ENC00112,ENR00839
921,921,END01192,ENC00048,ENR00839
922,922,END01193,ENC00096,ENR00905
923,923,END01194,ENC00325,ENR00905
924,924,END01195,ENC00426,ENR00691
925,925,END01196,ENC00273,ENR00655
926,926,END01197,ENC00247,ENR00655
927,927,END01198,ENC00241,ENR00655
928,928,END01199,ENC00423,ENR00905
929,929,END01200,ENC00426,ENR00806
930,930,END01201,ENC00276,ENR00806
931,931,END01202,ENC00093,ENR00982
932,932,END01203,ENC00093,ENR00659
933,933,END01204,ENC00093,ENR00983
934,934,END01205,ENC00093,ENR00984
935,935,END01206,ENC00122,ENR00901
936,936,END01208,ENC00048,ENR00901
937,937,END01209,ENC00063,ENR00901
938,938,END01211,ENC00009,ENR01076
939,939,END01213,ENC00249,ENR01079
940,940,END01214,ENC00249,ENR00691
941,941,END01216,ENC00184,ENR01081
942,942,END01217,ENC00127,ENR01081
943,943,END01218,ENC00423,ENR00118
944,944,END01220,ENC00249,ENR00664
945,945,END01222,ENC00273,ENR00843
946,946,END01224,ENC00424,ENR00843
947,947,END01226,ENC00424,ENR00655
948,948,END01227,ENC00424,ENR00643
949,949,END01228,ENC00249,ENR00901
950,950,END01236,ENC00074,ENR00598
951,951,END01237,ENC00125,ENR00598
952,952,END01238,ENC00222,ENR00598
953,953,END01240,ENC00210,ENR00598
954,954,END01242,ENC00424,ENR00837
955,955,END01243,ENC00424,ENR01050
956,956,END01244,ENC00273,ENR00717
957,957,END01245,ENC00273,ENR00679
958,958,END01246,ENC00426,ENR00841
959,959,END01247,ENC00426,ENR00843
960,960,END01248,ENC00249,ENR00717
961,961,END01249,ENC00249,ENR01050
962,962,END01250,ENC00438,ENR01050
963,963,END01251,ENC00013,ENR01075
964,964,END01252,ENC00429,ENR00668
965,965,END01253,ENC00429,ENR00669
966,966,END01254,ENC00429,ENR00643
967,967,END01255,ENC00429,ENR00636
968,968,END01256,ENC00429,ENR01050
969,969,END01257,ENC00273,ENR01050
970,970,END01258,ENC00249,ENR00930
971,971,END01259,ENC00210,ENR01084
972,972,END01260,ENC00125,ENR01084
973,973,END01262,ENC00444,ENR01089
974,974,END01263,ENC00262,ENR01089
975,975,END01264,ENC00127,ENR01082
976,976,END01265,ENC00144,ENR01082
977,977,END01266,ENC00130,ENR01082
978,978,END01267,ENC00213,ENR00941
979,979,END01268,ENC00210,ENR00941
980,980,END01269,ENC00212,ENR00941
981,981,END01270,ENC00447,ENR00941
982,982,END01271,ENC00448,ENR00941
983,983,END01272,ENC00210,ENR00761
984,984,END01273,ENC00247,ENR00685
985,985,END01274,ENC00247,ENR00687
986,986,END01275,ENC00247,ENR00837
987,987,END01276,ENC00247,ENR00681
988,988,END01277,ENC00247,ENR00653
989,989,END01278,ENC00247,ENR00836
990,990,END01279,ENC00247,ENR00864
991,991,END01280,ENC00427,ENR00864
992,992,END01281,ENC00427,ENR00894
993,993,END01282,ENC00427,ENR00614
994,994,END01283,ENC00427,ENR00862
995,995,END01284,ENC00427,ENR00715
996,996,END01285,ENC00427,ENR00717
997,997,END01286,ENC00427,ENR00835
998,998,END01287,ENC00216,ENR00717
999,999,END01288,ENC00247,ENR00717
1000,1000,END01290,ENC00247,ENR00931
1001,1001,END01292,ENC00233,ENR00931
1002,1002,END01293,ENC00247,ENR00706
1003,1003,END01294,ENC00247,ENR00860
1004,1004,END01295,ENC00247,ENR00682
1005,1005,END01296,ENC00247,ENR00707
1006,1006,END01297,ENC00228,ENR01075
1007,1007,END01298,ENC00216,ENR01075
1008,1008,END01299,ENC00247,ENR01075
1009,1009,END01300,ENC00216,ENR00715
1010,1010,END01301,ENC00247,ENR00715
1011,1011,END01302,ENC00449,ENR00655
1012,1012,END01303,ENC00247,ENR00591
1013,1013,END01304,ENC00247,ENR00592
1014,1014,END01305,ENC00217,ENR00619
1015,1015,END01306,ENC00217,ENR00655
1016,1016,END01307,ENC00217,ENR00841
1017,1017,END01308,ENC00217,ENR00843
1018,1018,END01309,ENC00217,ENR00590
1019,1019,END01310,ENC00217,ENR00930
1020,1020,END01311,ENC00217,ENR00717
1021,1021,END01312,ENC00217,ENR00679
1022,1022,END01313,ENC00228,ENR00591
1023,1023,END01314,ENC00074,ENR00843
1024,1024,END01315,ENC00231,ENR00841
1025,1025,END01316,ENC00231,ENR00843
1026,1026,END01317,ENC00231,ENR00931
1027,1027,END01318,ENC00231,ENR00842
1028,1028,END01319,ENC00231,ENR00844
1029,1029,END01320,ENC00244,ENR00930
1030,1030,END01321,ENC00244,ENR01075
1031,1031,END01322,ENC00450,ENR00930
1032,1032,END01323,ENC00450,ENR01075
1033,1033,END01324,ENC00450,ENR00843
1034,1034,END01325,ENC00450,ENR00931
1035,1035,END01326,ENC00450,ENR00841
1036,1036,END01327,ENC00450,ENR00842
1037,1037,END01328,ENC00450,ENR00844
1038,1038,END01330,ENC00450,ENR00590
1039,1039,END01331,ENC00450,ENR00655
1040,1040,END01332,ENC00244,ENR00843
1041,1041,END01333,ENC00452,ENR00843
1042,1042,END01334,ENC00452,ENR00717
1043,1043,END01335,ENC00453,ENR00931
1044,1044,END01336,ENC00453,ENR00841
1045,1045,END01337,ENC00453,ENR00844
1046,1046,END01338,ENC00453,ENR00703
1047,1047,END01339,ENC00453,ENR00842
1048,1048,END01340,ENC00454,ENR00931
1049,1049,END01341,ENC00454,ENR00841
1050,1050,END01342,ENC00454,ENR00842
1051,1051,END01343,ENC00454,ENR00844
1052,1052,END01344,ENC00454,ENR00703
1053,1053,END01345,ENC00438,ENR00592
1054,1054,END01346,ENC00438,ENR00931
1055,1055,END01347,ENC00438,ENR00841
1056,1056,END01348,ENC00438,ENR00842
1057,1057,END01349,ENC00438,ENR00843
1058,1058,END01350,ENC00438,ENR00844
1059,1059,END01351,ENC00438,ENR00703
1060,1060,END01352,ENC00438,ENR00591
1061,1061,END01353,ENC00438,ENR00589
1062,1062,END01354,ENC00438,ENR00590
1063,1063,END01355,ENC00248,ENR00753
1064,1064,END01356,ENC00248,ENR00839
1065,1065,END01357,ENC00248,ENR00931
1066,1066,END01358,ENC00248,ENR01075
1067,1067,END01359,ENC00244,ENR00861
1068,1068,END01360,ENC00450,ENR00861
1069,1069,END01361,ENC00364,ENR00861
1070,1070,END01362,ENC00364,ENR00843
1071,1071,END01363,ENC00450,ENR00703
1072,1072,END01364,ENC00364,ENR00931
1073,1073,END01365,ENC00364,ENR00590
1074,1074,END01366,ENC00364,ENR00703
1075,1075,END01367,ENC00364,ENR00841
1076,1076,END01368,ENC00364,ENR00842
1077,1077,END01369,ENC00364,ENR00844
1078,1078,END01370,ENC00364,ENR00655
1079,1079,END01371,ENC00450,ENR00688
1080,1080,END01372,ENC00450,ENR00717
1081,1081,END01373,ENC00450,ENR00614
1082,1082,END01374,ENC00364,ENR00614
1083,1083,END01375,ENC00379,ENR01102
1084,1084,END01376,ENC00379,ENR00629
1085,1085,END01377,ENC00283,ENR01024
1086,1086,END01378,ENC00379,ENR01024
1087,1087,END01379,ENC00244,ENR01105
1088,1088,END01380,ENC00247,ENR00729
1089,1089,END01381,ENC00247,ENR00731
1090,1090,END01382,ENC00247,ENR00733
1091,1091,END01383,ENC00247,ENR00730
1092,1092,END01384,ENC00247,ENR01101
1093,1093,END01385,ENC00233,ENR01030
1094,1094,END01386,ENC00233,ENR00619
1095,1095,END01387,ENC00292,ENR00653
1096,1096,END01388,ENC00292,ENR00681
1097,1097,END01389,ENC00292,ENR00682
1098,1098,END01390,ENC00292,ENR00683
1099,1099,END01391,ENC00292,ENR00836
1100,1100,END01392,ENC00292,ENR00684
1101,1101,END01393,ENC00418,ENR00684
1102,1102,END01394,ENC00418,ENR00675
1103,1103,END01395,ENC00233,ENR00675
1104,1104,END01397,ENC00144,ENR00676
1105,1105,END01398,ENC00306,ENR00676
1106,1106,END01399,ENC00130,ENR00676
1107,1107,END01400,ENC00074,ENR00677
1108,1108,END01401,ENC00306,ENR00677
1109,1109,END01402,ENC00219,ENR00688
1110,1110,END01403,ENC00247,ENR00688
1111,1111,END01404,ENC00217,ENR00688
1112,1112,END01405,ENC00144,ENR00689
1113,1113,END01407,ENC00288,ENR00689
1114,1114,END01408,ENC00251,ENR00689
1115,1115,END01409,ENC00013,ENR00689
1116,1116,END01410,ENC00233,ENR00690
1117,1117,END01413,ENC00287,ENR00689
1118,1118,END01414,ENC00287,ENR00675
1119,1119,END01415,ENC00287,ENR01085
1120,1120,END01416,ENC00287,ENR00748
1121,1121,END01417,ENC00287,ENR00749
1122,1122,END01418,ENC00287,ENR00600
1123,1123,END01419,ENC00287,ENR00862
1124,1124,END01420,ENC00287,ENR00629
1125,1125,END01421,ENC00288,ENR00147
1126,1126,END01422,ENC00287,ENR00931
1127,1127,END01423,ENC00287,ENR00998
1128,1128,END01424,ENC00287,ENR00979
1129,1129,END01425,ENC00287,ENR00118
1130,1130,END01426,ENC00233,ENR00614
1131,0,END01427,ENC00233,ENR00629
1132,1,END01428,ENC00233,ENR01101
1133,2,END01429,ENC00233,ENR00620
1134,3,END01430,ENC00078,ENR01111
1135,4,END01431,ENC00078,ENR01112
1136,5,END01432,ENC00078,ENR01113
1137,6,END01433,ENC00251,ENR01113
1138,7,END01434,ENC00219,ENR01113
1139,8,END01435,ENC00247,ENR01113
1140,9,END01436,ENC00292,ENR01113
1141,10,END01437,ENC00013,ENR01113
1142,11,END01438,ENC00276,ENR01113
1143,12,END01439,ENC00078,ENR01114
1144,13,END01440,ENC00251,ENR01114
1145,14,END01441,ENC00251,ENR01111
1146,15,END01442,ENC00216,ENR01111
1147,16,END01444,ENC00287,ENR00839
1148,17,END01445,ENC00288,ENR00839
1149,18,END01446,ENC00233,ENR00843
1150,19,END01448,ENC00247,ENR01115
1151,20,END01450,ENC00292,ENR01116
1152,21,END01451,ENC00289,ENR01116
1153,22,END01452,ENC00233,ENR01117
1154,23,END01454,ENC00048,ENR00005
1155,24,END01457,ENC00063,ENR00005
1156,25,END01458,ENC00074,ENR00005
1157,26,END01459,ENC00020,ENR00828
1158,27,END01460,ENC00262,ENR00830
1159,28,END01461,ENC00050,ENR00830
1160,29,END01463,ENC00361,ENR00830
1161,30,END01464,ENC00413,ENR00830
1162,31,END01465,ENC00020,ENR00866
1163,32,END01466,ENC00020,ENR01118
1164,33,END01467,ENC00020,ENR00103
1165,34,END01468,ENC00247,ENR01120
1166,35,END01469,ENC00005,ENR00807
1167,36,END01470,ENC00020,ENR00602
1168,37,END01471,ENC00112,ENR00602
1169,38,END01472,ENC00112,ENR00704
1170,39,END01473,ENC00074,ENR00905
1171,40,END01474,ENC00112,ENR00644
1172,41,END01477,ENC00233,ENR00275
1173,42,END01478,ENC00247,ENR00275
1174,43,END01479,ENC00287,ENR00275
1175,44,END01480,ENC00292,ENR00275
1176,45,END01481,ENC00228,ENR00275
1177,46,END01482,ENC00248,ENR00276
1178,47,END01483,ENC00465,ENR00781
1179,48,END01485,ENC00180,ENR00781
1180,49,END01487,ENC00465,ENR00749
1181,50,END01488,ENC00389,ENR01127
1182,51,END01489,ENC00292,ENR01127
1183,52,END01490,ENC00293,ENR01127
1184,53,END01491,ENC00233,ENR01127
1185,54,END01492,ENC00287,ENR01127
1186,55,END01493,ENC00389,ENR01128
1187,56,END01494,ENC00469,ENR00737
1188,57,END01495,ENC00465,ENR00727
1189,58,END01496,ENC00200,ENR00727
1190,59,END01497,ENC00201,ENR00727
1191,60,END01498,ENC00198,ENR00727
1192,61,END01500,ENC00217,ENR01153
1193,62,END01501,ENC00217,ENR01154
1194,63,END01502,ENC00217,ENR01155
1195,64,END01503,ENC00217,ENR01156
1196,65,END01504,ENC00217,ENR01157
1197,66,END01506,ENC00217,ENR01158
1198,67,END01507,ENC00276,ENR01158
1199,68,END01509,ENC00249,ENR00873
1200,69,END01510,ENC00247,ENR01158
1201,70,END01511,ENC00247,ENR01160
1202,71,END01512,ENC00293,ENR01161
1203,72,END01513,ENC00287,ENR01161
1204,73,END01514,ENC00217,ENR01161
1205,74,END01515,ENC00284,ENR01144
1206,75,END01516,ENC00364,ENR01144
1207,76,END01517,ENC00074,ENR01144
1208,77,END01518,ENC00027,ENR01144
1209,78,END01519,ENC00360,ENR01144
1210,79,END01520,ENC00280,ENR01144
1211,80,END01521,ENC00472,ENR01159
1212,81,END01522,ENC00222,ENR01168
1213,82,END01523,ENC00222,ENR01149
1214,83,END01524,ENC00249,ENR00989
1215,84,END01525,ENC00249,ENR01077
1216,85,END01526,ENC00249,ENR01078
1217,86,END01527,ENC00249,ENR01081
1218,87,END01531,ENC00249,ENR01169
1219,88,END01532,ENC00004,ENR01077
1220,89,END01533,ENC00249,ENR01076
1221,90,END01534,ENC00249,ENR01025
1222,91,END01536,ENC00249,ENR00702
1223,92,END01537,ENC00424,ENR00841
1224,93,END01538,ENC00424,ENR01077
1225,94,END01539,ENC00424,ENR00118
1226,95,END01540,ENC00249,ENR00645
1227,96,END01541,ENC00007,ENR00645
1228,97,END01542,ENC00174,ENR00645
1229,98,END01543,ENC00273,ENR00645
1230,99,END01544,ENC00216,ENR00645
1231,100,END01545,ENC00424,ENR00645
1232,101,END01546,ENC00063,ENR00645
1233,102,END01547,ENC00292,ENR00839
1234,103,END01548,ENC00233,ENR00839
1235,104,END01549,ENC00292,ENR00608
1236,105,END01550,ENC00292,ENR00628
1237,106,END01551,ENC00287,ENR00628
1238,107,END01552,ENC00287,ENR01176
1239,108,END01555,ENC00288,ENR00608
1240,109,END01556,ENC00288,ENR00628
1241,110,END01557,ENC00288,ENR01176
1242,111,END01558,ENC00249,ENR00659
1243,112,END01559,ENC00249,ENR00982
1244,113,END01560,ENC00249,ENR01177
1245,114,END01561,ENC00216,ENR01077
1246,115,END01562,ENC00424,ENR00808
1247,116,END01563,ENC00424,ENR00777
1248,117,END01564,ENC00249,ENR00777
1249,118,END01565,ENC00249,ENR00808
1250,119,END01566,ENC00424,ENR00785
1251,120,END01567,ENC00424,ENR00786
1252,121,END01568,ENC00379,ENR00834
1253,122,END01569,ENC00424,ENR01178
1254,123,END01570,ENC00424,ENR00930
1255,124,END01571,ENC00424,ENR00852
1256,125,END01572,ENC00473,ENR01180
1257,126,END01573,ENC00450,ENR00864
1258,127,END01574,ENC00459,ENR00843
1259,128,END01575,ENC00459,ENR00861
1260,129,END01576,ENC00364,ENR00717
1261,130,END01577,ENC00459,ENR00717
1262,131,END01578,ENC00253,ENR00785
1263,132,END01579,ENC00253,ENR00786
1264,133,END01580,ENC00460,ENR00959
1265,134,END01581,ENC00249,ENR00741
1266,135,END01582,ENC00249,ENR00228
1267,136,END01583,ENC00249,ENR00743
1268,137,END01584,ENC00247,ENR00118
1269,138,END01587,ENC00365,ENR00901
1270,139,END01588,ENC00201,ENR00901
1271,140,END01589,ENC00201,ENR00930
1272,141,END01590,ENC00365,ENR00930
1273,142,END01591,ENC00247,ENR01188
1274,143,END01592,ENC00184,ENR01188
1275,144,END01593,ENC00221,ENR01188
1276,145,END01594,ENC00361,ENR01188
1277,146,END01595,ENC00063,ENR01188
1278,147,END01596,ENC00076,ENR01188
1279,148,END01597,ENC00145,ENR01188
1280,149,END01598,ENC00407,ENR01188
1281,150,END01599,ENC00004,ENR01188
1282,151,END01600,ENC00284,ENR01188
1283,152,END01601,ENC00244,ENR01188
1284,153,END01602,ENC00222,ENR01188
1285,154,END01603,ENC00280,ENR01188
1286,155,END01604,ENC00281,ENR01188
1287,156,END01605,ENC00381,ENR01188
1288,157,END01606,ENC00349,ENR01188
1289,158,END01607,ENC00325,ENR01188
1290,159,END01608,ENC00360,ENR01188
1291,160,END01609,ENC00096,ENR01188
1292,161,END01610,ENC00102,ENR01188
1293,162,END01613,ENC00200,ENR01188
1294,163,END01614,ENC00201,ENR01188
1295,164,END01615,ENC00365,ENR01188
1296,165,END01618,ENC00200,ENR00781
1297,166,END01619,ENC00060,ENR00781
1298,167,END01620,ENC00128,ENR00781
1299,168,END01621,ENC00360,ENR00781
1300,169,END01623,ENC00365,ENR00781
1301,170,END01624,ENC00259,ENR00808
1302,171,END01625,ENC00247,ENR00621
1303,172,END01626,ENC00216,ENR00621
1304,173,END01627,ENC00222,ENR00621
1305,174,END01628,ENC00283,ENR00621
1306,175,END01629,ENC00088,ENR00621
1307,176,END01631,ENC00244,ENR00621
1308,177,END01632,ENC00284,ENR01190
1309,178,END01633,ENC00020,ENR01190
1310,179,END01634,ENC00231,ENR01190
1311,180,END01635,ENC00360,ENR01190
1312,181,END01636,ENC00181,ENR01190
1313,182,END01637,ENC00487,ENR01190
1314,183,END01638,ENC00050,ENR01190
1315,184,END01639,ENC00222,ENR01190
1316,185,END01640,ENC00216,ENR01190
1317,186,END01641,ENC00247,ENR01190
1318,187,END01642,ENC00287,ENR01190
1319,188,END01643,ENC00246,ENR01190
1320,189,END01644,ENC00217,ENR01190
1321,190,END01645,ENC00018,ENR01191
1322,191,END01646,ENC00318,ENR01191
1323,192,END01648,ENC00020,ENR01191
1324,193,END01649,ENC00231,ENR01191
1325,194,END01650,ENC00222,ENR01191
1326,195,END01651,ENC00389,ENR01191
1327,196,END01652,ENC00082,ENR01191
1328,197,END01653,ENC00263,ENR01191
1329,198,END01654,ENC00521,ENR01191
1330,199,END01655,ENC00360,ENR01191
1331,200,END01657,ENC00287,ENR01192
1332,201,END01658,ENC00293,ENR01192
1333,202,END01659,ENC00233,ENR01192
1334,203,END01660,ENC00276,ENR01192
1335,204,END01661,ENC00293,ENR00280
1336,205,END01662,ENC00287,ENR00280
1337,206,END01663,ENC00233,ENR00280
1338,207,END01664,ENC00228,ENR00280
1339,208,END01665,ENC00418,ENR00280
1340,209,END01666,ENC00307,ENR00280
1341,210,END01667,ENC00247,ENR01191
1342,211,END01668,ENC00389,ENR01158
1343,212,END01669,ENC00248,ENR01158
1344,213,END01671,ENC00248,ENR01194
1345,214,END01672,ENC00150,ENR01195
1346,215,END01673,ENC00150,ENR01193
1347,216,END01674,ENC00198,ENR00781
1348,217,END01675,ENC00020,ENR01175
1349,218,END01676,ENC00063,ENR01164
1350,219,END01677,ENC00233,ENR00277
1351,220,END01679,ENC00287,ENR00277
1352,221,END01680,ENC00534,ENR00277
1353,222,END01681,ENC00284,ENR00277
1354,223,END01682,ENC00427,ENR00277
1355,224,END01683,ENC00130,ENR00277
1356,225,END01684,ENC00535,ENR00277
1357,226,END01685,ENC00276,ENR00277
1358,227,END01686,ENC00397,ENR00277
1359,228,END01687,ENC00251,ENR00277
1360,229,END01688,ENC00309,ENR00277
1361,230,END01689,ENC00247,ENR00277
1362,231,END01690,ENC00293,ENR00277
1363,232,END01691,ENC00102,ENR00274
1364,233,END01692,ENC00130,ENR00274
1365,234,END01693,ENC00233,ENR00274
1366,235,END01694,ENC00536,ENR00274
1367,236,END01695,ENC00287,ENR00265
1368,237,END01696,ENC00233,ENR00265
1369,238,END01697,ENC00465,ENR00780
1370,239,END01698,ENC00469,ENR00780
1371,240,END01699,ENC00389,ENR01202
1372,241,END01700,ENC00130,ENR01202
1373,242,END01701,ENC00306,ENR01202
1374,243,END01702,ENC00287,ENR01202
1375,244,END01703,ENC00233,ENR01202
1376,245,END01704,ENC00247,ENR01202
1377,246,END01705,ENC00248,ENR01202
1378,247,END01706,ENC00216,ENR00047
1379,248,END01710,ENC00228,ENR01203
1380,249,END01711,ENC00418,ENR01203
1381,250,END01712,ENC00292,ENR01203
1382,251,END01713,ENC00219,ENR01203
1383,252,END01714,ENC00217,ENR01203
1384,253,END01715,ENC00389,ENR01203
1385,254,END01716,ENC00248,ENR01203
1386,255,END01717,ENC00247,ENR01203
1387,256,END01718,ENC00287,ENR01203
1388,257,END01719,ENC00074,ENR01203
1389,258,END01720,ENC00112,ENR01203
1390,259,END01721,ENC00130,ENR01203
1391,260,END01722,ENC00538,ENR01203
1392,261,END01723,ENC00020,ENR00152
1393,262,END01724,ENC00140,ENR00152
1394,263,END01725,ENC00189,ENR00824
1395,264,END01726,ENC00189,ENR00763
1396,265,END01727,ENC00189,ENR00762
1397,266,END01728,ENC00189,ENR00765
1398,267,END01730,ENC00027,ENR00068
1399,268,END01731,ENC00266,ENR00068
1400,269,END01732,ENC00265,ENR00068
1401,270,END01733,ENC00181,ENR00068
1402,271,END01734,ENC00539,ENR00068
1403,272,END01735,ENC00540,ENR00068
1404,273,END01736,ENC00050,ENR00068
1405,274,END01737,ENC00293,ENR00265
1406,275,END01738,ENC00293,ENR01197
1407,276,END01739,ENC00293,ENR01196
1408,277,END01740,ENC00278,ENR01204
1409,278,END01741,ENC00004,ENR00806
1410,279,END01742,ENC00004,ENR00805
1411,280,END01743,ENC00004,ENR00807
1412,281,END01744,ENC00025,ENR00979
1413,282,END01745,ENC00004,ENR00979
1414,283,END01746,ENC00005,ENR00979
1415,284,END01747,ENC00361,ENR01205
1416,285,END01748,ENC00231,ENR01205
1417,286,END01749,ENC00150,ENR01205
1418,287,END01751,ENC00004,ENR01205
1419,288,END01752,ENC00542,ENR00979
1420,289,END01753,ENC00396,ENR01207
1421,290,END01754,ENC00396,ENR01208
1422,291,END01755,ENC00263,ENR01211
1423,292,END01756,ENC00063,ENR01211
1424,293,END01757,ENC00112,ENR01211
1425,294,END01758,ENC00020,ENR01211
1426,295,END01759,ENC00048,ENR01211
1427,296,END01760,ENC00074,ENR01211
1428,297,END01761,ENC00122,ENR01211
1429,298,END01762,ENC00152,ENR01211
1430,299,END01763,ENC00412,ENR01211
1431,300,END01764,ENC00519,ENR01211
1432,301,END01765,ENC00441,ENR01211
1433,302,END01766,ENC00018,ENR01212
1434,303,END01767,ENC00379,ENR01212
1435,304,END01768,ENC00022,ENR01212
1436,305,END01769,ENC00076,ENR01212
1437,306,END01770,ENC00097,ENR01212
1438,307,END01771,ENC00122,ENR01212
1439,308,END01772,ENC00020,ENR01213
1440,309,END01773,ENC00144,ENR01209
1441,310,END01774,ENC00217,ENR01209
1442,311,END01775,ENC00246,ENR01209
1443,312,END01776,ENC00112,ENR01209
1444,313,END01777,ENC00020,ENR01209
1445,314,END01778,ENC00020,ENR01210
1446,315,END01779,ENC00097,ENR01210
1447,316,END01780,ENC00357,ENR01210
1448,317,END01781,ENC00357,ENR01209
1449,318,END01783,ENC00217,ENR01216
1450,319,END01784,ENC00074,ENR01216
1451,320,END01785,ENC00013,ENR00733
1452,321,END01786,ENC00248,ENR01053
1453,322,END01787,ENC00247,ENR01217
1454,323,END01790,ENC00219,ENR01218
1455,324,END01791,ENC00217,ENR01218
1456,325,END01793,ENC00074,ENR01218
1457,326,END01794,ENC00063,ENR01218
1458,327,END01795,ENC00265,ENR01219
1459,328,END01798,ENC00265,ENR00866
1460,329,END01799,ENC00266,ENR00866
1461,330,END01800,ENC00265,ENR00867
1462,331,END01801,ENC00265,ENR00622
1463,332,END01802,ENC00266,ENR00622
1464,333,END01803,ENC00266,ENR00867
1465,334,END01804,ENC00549,ENR00786
1466,335,END01805,ENC00540,ENR00827
1467,336,END01806,ENC00540,ENR00831
1468,337,END01807,ENC00262,ENR00825
1469,338,END01808,ENC00050,ENR00825
1470,339,END01809,ENC00248,ENR00826
1471,340,END01810,ENC00552,ENR00825
1472,341,END01812,ENC00284,ENR01221
1473,342,END01813,ENC00549,ENR01221
1474,343,END01814,ENC00472,ENR01221
1475,344,END01815,ENC00134,ENR01223
1476,345,END01816,ENC00050,ENR01223
1477,346,END01817,ENC00271,ENR01223
1478,347,END01818,ENC00265,ENR01224
1479,348,END01820,ENC00284,ENR01222
1480,349,END01821,ENC00050,ENR01012
1481,350,END01822,ENC00182,ENR01012
1482,351,END01823,ENC00050,ENR00797
1483,352,END01824,ENC00540,ENR00795
1484,353,END01825,ENC00050,ENR00795
1485,354,END01826,ENC00233,ENR01191
1486,355,END01827,ENC00287,ENR01191
1487,356,END01829,ENC00164,ENR01225
1488,357,END01830,ENC00513,ENR00728
1489,358,END01831,ENC00513,ENR00823
1490,359,END01832,ENC00513,ENR00917
1491,360,END01833,ENC00555,ENR01219
1492,361,END01838,ENC00050,ENR00941
1493,362,END01839,ENC00134,ENR00941
1494,363,END01840,ENC00413,ENR00941
1495,364,END01841,ENC00048,ENR00941
1496,365,END01842,ENC00074,ENR00941
1497,366,END01843,ENC00122,ENR00941
1498,367,END01844,ENC00132,ENR00941
1499,368,END01845,ENC00063,ENR00941
1500,369,END01846,ENC00112,ENR00941
1501,370,END01847,ENC00048,ENR00965
1502,371,END01848,ENC00074,ENR00965
1503,372,END01849,ENC00122,ENR00965
1504,373,END01850,ENC00132,ENR00965
1505,374,END01851,ENC00112,ENR00965
1506,375,END01852,ENC00053,ENR00965
1507,376,END01853,ENC00050,ENR00965
1508,377,END01854,ENC00078,ENR00941
1509,378,END01862,ENC00048,ENR00825
1510,379,END01863,ENC00074,ENR00825
1511,380,END01864,ENC00312,ENR00825
1512,381,END01865,ENC00009,ENR00825
1513,382,END01866,ENC00357,ENR00825
1514,383,END01867,ENC00487,ENR00825
1515,384,END01868,ENC00553,ENR00825
1516,385,END01869,ENC00557,ENR00825
1517,386,END01870,ENC00267,ENR00825
1518,387,END01872,ENC00563,ENR01237
1519,388,END01873,ENC00078,ENR01237
1520,389,END01874,ENC00357,ENR01237
1521,390,END01876,ENC00231,ENR01238
1522,391,END01881,ENC00128,ENR01238
1523,392,END01882,ENC00222,ENR01238
1524,393,END01883,ENC00563,ENR01238
1525,394,END01884,ENC00244,ENR01238
1526,395,END01892,ENC00048,ENR01248
1527,396,END01893,ENC00115,ENR01248
1528,397,END01894,ENC00140,ENR01248
1529,398,END01895,ENC00122,ENR01248
1530,399,END01896,ENC00145,ENR01248
1531,400,END01897,ENC00102,ENR01248
1532,401,END01898,ENC00048,ENR01247
1533,402,END01899,ENC00122,ENR01247
1534,403,END01900,ENC00145,ENR01247
1535,404,END01901,ENC00140,ENR01247
1536,405,END01902,ENC00115,ENR01247
1537,406,END01903,ENC00102,ENR01247
1538,407,END01904,ENC00130,ENR00584
1539,408,END01905,ENC00389,ENR00584
1540,409,END01906,ENC00127,ENR00584
1541,410,END01907,ENC00144,ENR00584
1542,411,END01908,ENC00293,ENR00701
1543,412,END01909,ENC00276,ENR00701
1544,413,END01910,ENC00144,ENR00701
1545,414,END01911,ENC00184,ENR00701
1546,415,END01912,ENC00130,ENR00701
1547,416,END01914,ENC00122,ENR00114
1548,417,END01915,ENC00020,ENR00114
1549,418,END01916,ENC00048,ENR00114
1550,419,END01917,ENC00063,ENR00114
1551,420,END01918,ENC00578,ENR00114
1552,421,END01919,ENC00074,ENR00114
1553,422,END01920,ENC00144,ENR00114
1554,423,END01921,ENC00122,ENR01271
1555,424,END01922,ENC00020,ENR01282
1556,425,END01923,ENC00112,ENR01282
1557,426,END01924,ENC00074,ENR01282
1558,427,END01925,ENC00063,ENR01282
1559,428,END01926,ENC00102,ENR01282
1560,429,END01927,ENC00130,ENR01282
1561,430,END01928,ENC00144,ENR01282
1562,431,END01929,ENC00184,ENR01282
1563,432,END01930,ENC00231,ENR01282
1564,433,END01932,ENC00216,ENR01282
1565,434,END01933,ENC00292,ENR00282
1566,435,END01934,ENC00287,ENR00282
1567,436,END01939,ENC00048,ENR01294
1568,437,END01940,ENC00093,ENR01295
1569,438,END01941,ENC00125,ENR01296
1570,439,END01942,ENC00210,ENR01296
1571,440,END01945,ENC00210,ENR01265
1572,441,END01946,ENC00027,ENR01301
1573,442,END01947,ENC00027,ENR01299
1574,443,END01948,ENC00027,ENR01300
1575,444,END01950,ENC00216,ENR01305
1576,445,END01951,ENC00020,ENR01126
1577,446,END01953,ENC00276,ENR01206
1578,447,END01955,ENC00003,ENR00704
1579,448,END01956,ENC00003,ENR01308
1580,449,END01957,ENC00011,ENR00726
1581,450,END01958,ENC00011,ENR00727
1582,451,END01959,ENC00011,ENR00728
1583,452,END01960,ENC00011,ENR00823
1584,453,END01961,ENC00011,ENR00917
1585,454,END01962,ENC00011,ENR00650
1586,455,END01963,ENC00011,ENR00515
1587,456,END01964,ENC00011,ENR00117
1588,457,END01965,ENC00011,ENR00116
1589,458,END01966,ENC00011,ENR00115
1590,459,END01967,ENC00011,ENR00114
1591,460,END01969,ENC00544,ENR00865
1592,461,END01970,ENC00518,ENR00865
1593,462,END01971,ENC00231,ENR00935
1594,463,END01972,ENC00231,ENR00865
1595,464,END01974,ENC00050,ENR00827
1596,465,END01975,ENC00487,ENR00827
1597,466,END01976,ENC00249,ENR01310
1598,467,END01977,ENC00174,ENR01150
1599,468,END01978,ENC00216,ENR01311
1600,469,END01979,ENC00174,ENR00935
1601,470,END01980,ENC00050,ENR01312
1602,471,END01981,ENC00460,ENR00841
1603,472,END01982,ENC00249,ENR01162
1604,473,END01983,ENC00361,ENR00816
1605,474,END01984,ENC00241,ENR01112
1606,475,END01985,ENC00174,ENR01188
1607,476,END01986,ENC00216,ENR01080
1608,477,END01988,ENC00361,ENR00939
1609,478,END01989,ENC00074,ENR00865
1610,479,END01990,ENC00060,ENR01313
1611,480,END01991,ENC00174,ENR00730
1612,481,END01993,ENC00518,ENR00668
1613,482,END01994,ENC00231,ENR00669
1614,483,END01995,ENC00007,ENR00741
1615,484,END01996,ENC00407,ENR00861
1616,485,END01997,ENC00407,ENR00864
1617,486,END01998,ENC00005,ENR00761
1618,487,END01999,ENC00005,ENR00764
1619,488,END02000,ENC00174,ENR00807
1620,489,END02001,ENC00361,ENR00691
1621,490,END02002,ENC00216,ENR00589
1622,491,END02003,ENC00216,ENR00590
1623,492,END02004,ENC00216,ENR00591
1624,493,END02005,ENC00216,ENR00592
1625,494,END02006,ENC00216,ENR00703
1626,495,END02007,ENC00216,ENR00841
1627,496,END02008,ENC00216,ENR00842
1628,497,END02009,ENC00216,ENR00844
1629,498,END02010,ENC00216,ENR00931
1630,499,END02011,ENC00518,ENR01265
1631,500,END02012,ENC00231,ENR01265
1632,501,END02015,ENC00563,ENR00613
1633,502,END02016,ENC00563,ENR00612
1634,503,END02017,ENC00563,ENR00897
1635,504,END02018,ENC00102,ENR00780
1636,505,END02019,ENC00174,ENR01315
1637,506,END02020,ENC00005,ENR00763
1638,507,END02021,ENC00361,ENR00085
1639,508,END02022,ENC00178,ENR00079
1640,509,END02023,ENC00053,ENR00079
1641,510,END02024,ENC00283,ENR00905
1642,511,END02025,ENC00361,ENR00836
1643,512,END02026,ENC00053,ENR00836
1644,513,END02027,ENC00001,ENR00681
1645,514,END02028,ENC00002,ENR00681
1646,515,END02029,ENC00003,ENR00681
1647,516,END02030,ENC00176,ENR00681
1648,517,END02031,ENC00177,ENR00681
1649,518,END02032,ENC00044,ENR01027
1650,519,END02033,ENC00174,ENR00664
1651,520,END02034,ENC00174,ENR00901
1652,521,END02035,ENC00005,ENR00806
1653,522,END02036,ENC00005,ENR00985
1654,523,END02037,ENC00468,ENR00668
1655,524,END02038,ENC00479,ENR00263
1656,525,END02039,ENC00177,ENR00058
1657,526,END02040,ENC00005,ENR01205
1658,527,END02041,ENC00132,ENR00923
1659,528,END02042,ENC00020,ENR00923
1660,529,END02043,ENC00027,ENR00923
1661,530,END02044,ENC00097,ENR00085
1662,531,END02045,ENC00009,ENR00941
1663,532,END02046,ENC00027,ENR00941
1664,533,END02049,ENC00150,ENR01265
1665,534,END02050,ENC00360,ENR00985
1666,535,END02051,ENC00405,ENR00985
1667,536,END02052,ENC00127,ENR00985
1668,537,END02054,ENC00579,ENR00816
1669,538,END02055,ENC00244,ENR00717
1670,539,END02057,ENC00018,ENR00717
1671,540,END02058,ENC00320,ENR01316
1672,541,END02059,ENC00397,ENR01316
1673,542,END02060,ENC00360,ENR00904
1674,543,END02061,ENC00063,ENR00777
1675,544,END02062,ENC00580,ENR00777
1676,545,END02063,ENC00580,ENR00808
1677,546,END02064,ENC00283,ENR00808
1678,547,END02065,ENC00457,ENR01188
1679,548,END02066,ENC00063,ENR01317
1680,549,END02068,ENC00063,ENR00805
1681,550,END02069,ENC00244,ENR00764
1682,551,END02070,ENC00212,ENR00764
1683,552,END02071,ENC00424,ENR00679
1684,553,END02072,ENC00424,ENR00717
1685,554,END02073,ENC00424,ENR00861
1686,555,END02074,ENC00424,ENR00715
1687,556,END02075,ENC00249,ENR00679
1688,557,END02076,ENC00020,ENR01047
1689,558,END02077,ENC00063,ENR01047
1690,559,END02078,ENC00575,ENR01047
1691,560,END02079,ENC00570,ENR01047
1692,561,END02080,ENC00216,ENR00274
1693,562,END02081,ENC00228,ENR00274
1694,563,END02082,ENC00360,ENR01047
1695,564,END02083,ENC00050,ENR01047
1696,565,END02084,ENC00164,ENR01047
1697,566,END02085,ENC00249,ENR01047
1698,567,END02086,ENC00382,ENR00664
1699,568,END02087,ENC00005,ENR00717
1700,569,END02088,ENC00005,ENR00679
1701,570,END02089,ENC00152,ENR01318
1702,571,END02090,ENC00231,ENR01318
1703,572,END02091,ENC00474,ENR00670
1704,573,END02092,ENC00178,ENR00941
1705,574,END02093,ENC00020,ENR00941
1706,575,END02094,ENC00025,ENR00941
1707,576,END02095,ENC00582,ENR00965
1708,577,END02096,ENC00053,ENR00093
1709,578,END02097,ENC00003,ENR00093
1710,579,END02098,ENC00003,ENR00976
1711,580,END02099,ENC00249,ENR00979
1712,581,END02100,ENC00231,ENR00668
1713,582,END02101,ENC00189,ENR00768
1714,583,END02102,ENC00361,ENR00767
1715,584,END02103,ENC00063,ENR00768
1716,585,END02104,ENC00545,ENR00768
1717,586,END02105,ENC00361,ENR00768
1718,587,END02106,ENC00582,ENR00768
1719,588,END02107,ENC00583,ENR00768
1720,589,END02109,ENC00025,ENR00762
1721,590,END02110,ENC00361,ENR00780
1722,591,END02111,ENC00361,ENR00781
1723,592,END02112,ENC00189,ENR00962
1724,593,END02113,ENC00361,ENR00962
1725,594,END02114,ENC00027,ENR00263
1726,595,END02115,ENC00020,ENR00263
1727,596,END02116,ENC00050,ENR00263
1728,597,END02117,ENC00345,ENR00263
1729,598,END02118,ENC00556,ENR00263
1730,599,END02119,ENC00029,ENR00263
1731,600,END02120,ENC00403,ENR00263
1732,601,END02121,ENC00361,ENR00263
1733,602,END02122,ENC00284,ENR00263
1734,603,END02123,ENC00280,ENR00263
1735,604,END02124,ENC00164,ENR00263
1736,605,END02125,ENC00574,ENR00263
1737,606,END02126,ENC00178,ENR00263
1738,607,END02127,ENC00125,ENR00263
1739,608,END02128,ENC00213,ENR00263
1740,609,END02129,ENC00210,ENR00263
1741,610,END02130,ENC00435,ENR00263
1742,611,END02131,ENC00382,ENR00263
1743,612,END02132,ENC00250,ENR00263
1744,613,END02133,ENC00326,ENR00263
1745,614,END02134,ENC00093,ENR00263
1746,615,END02135,ENC00074,ENR00263
1747,616,END02136,ENC00048,ENR00263
1748,617,END02137,ENC00086,ENR00263
1749,618,END02138,ENC00122,ENR00263
1750,619,END02139,ENC00249,ENR00263
1751,620,END02140,ENC00578,ENR00263
1752,621,END02141,ENC00273,ENR00263
1753,622,END02142,ENC00490,ENR00263
1754,623,END02143,ENC00102,ENR00263
1755,624,END02144,ENC00365,ENR00263
1756,625,END02145,ENC00414,ENR00263
1757,626,END02146,ENC00132,ENR00263
1758,627,END02147,ENC00035,ENR00263
1759,628,END02148,ENC00417,ENR00263
1760,629,END02149,ENC00405,ENR00263
1761,630,END02150,ENC00184,ENR00263
1762,631,END02151,ENC00063,ENR00263
1763,632,END02152,ENC00418,ENR00263
1764,633,END02153,ENC00130,ENR00263
1765,634,END02154,ENC00144,ENR00263
1766,635,END02155,ENC00528,ENR00263
1767,636,END02156,ENC00233,ENR00263
1768,637,END02157,ENC00276,ENR00263
1769,638,END02158,ENC00287,ENR00263
1770,639,END02159,ENC00216,ENR00263
1771,640,END02160,ENC00097,ENR00263
1772,641,END02161,ENC00143,ENR00263
1773,642,END02162,ENC00031,ENR00263
1774,643,END02163,ENC00246,ENR00263
1775,644,END02164,ENC00112,ENR00263
1776,645,END02165,ENC00067,ENR00263
1777,646,END02166,ENC00119,ENR00263
1778,647,END02167,ENC00437,ENR00263
1779,648,END02168,ENC00053,ENR00873
1780,649,END02169,ENC00152,ENR00263
1781,650,END02170,ENC00542,ENR00263
1782,651,END02171,ENC00231,ENR00755
1783,652,END02172,ENC00152,ENR00755
1784,653,END02173,ENC00283,ENR00755
1785,654,END02174,ENC00082,ENR00755
1786,655,END02175,ENC00244,ENR00755
1787,656,END02176,ENC00048,ENR00757
1788,657,END02177,ENC00112,ENR00757
1789,658,END02178,ENC00063,ENR00757
1790,659,END02179,ENC00578,ENR00757
1791,660,END02180,ENC00020,ENR00756
1792,661,END02181,ENC00048,ENR00756
1793,662,END02182,ENC00184,ENR00756
1794,663,END02183,ENC00127,ENR00756
1795,664,END02184,ENC00112,ENR00756
1796,665,END02185,ENC00115,ENR00756
1797,666,END02186,ENC00097,ENR00756
1798,667,END02187,ENC00102,ENR00756
1799,668,END02188,ENC00140,ENR00756
1800,669,END02189,ENC00130,ENR00756
1801,670,END02190,ENC00122,ENR00756
1802,671,END02191,ENC00063,ENR00756
1803,672,END02192,ENC00140,ENR00758
1804,673,END02193,ENC00389,ENR00758
1805,674,END02194,ENC00102,ENR00758
1806,675,END02195,ENC00130,ENR00758
1807,676,END02196,ENC00144,ENR00758
1808,677,END02197,ENC00115,ENR00758
1809,678,END02198,ENC00276,ENR01319
1810,679,END02199,ENC00074,ENR01319
1811,680,END02200,ENC00130,ENR01319
1812,681,END02201,ENC00389,ENR01319
1813,682,END02202,ENC00144,ENR01319
1814,683,END02203,ENC00306,ENR01319
1815,684,END02204,ENC00018,ENR01319
1816,685,END02205,ENC00308,ENR01319
1817,686,END02206,ENC00578,ENR01319
1818,687,END02207,ENC00020,ENR01320
1819,688,END02208,ENC00403,ENR01320
1820,689,END02209,ENC00411,ENR01320
1821,690,END02210,ENC00130,ENR01320
1822,691,END02211,ENC00389,ENR01320
1823,692,END02212,ENC00112,ENR01320
1824,693,END02213,ENC00074,ENR01320
1825,694,END02214,ENC00263,ENR01320
1826,695,END02215,ENC00276,ENR01320
1827,696,END02216,ENC00115,ENR01265
1828,697,END02217,ENC00140,ENR01265
1829,698,END02218,ENC00102,ENR01265
1830,699,END02219,ENC00048,ENR01265
1831,700,END02220,ENC00074,ENR01265
1832,701,END02221,ENC00097,ENR01265
1833,702,END02222,ENC00150,ENR00756
1834,703,END02223,ENC00152,ENR00756
1835,704,END02224,ENC00210,ENR00756
1836,705,END02225,ENC00231,ENR00756
1837,706,END02226,ENC00150,ENR00758
1838,707,END02227,ENC00210,ENR00758
1839,708,END02228,ENC00231,ENR00758
1840,709,END02229,ENC00097,ENR01321
1841,710,END02230,ENC00145,ENR00759
1842,711,END02231,ENC00055,ENR00755
1843,712,END02232,ENC00228,ENR00755
1844,713,END02233,ENC00219,ENR00755
1845,714,END02234,ENC00216,ENR00755
1846,715,END02235,ENC00078,ENR00755
1847,716,END02236,ENC00287,ENR00755
1848,717,END02237,ENC00233,ENR00755
1849,718,END02238,ENC00290,ENR00755
1850,719,END02240,ENC00228,ENR00759
1851,720,END02241,ENC00219,ENR00759
1852,721,END02242,ENC00216,ENR00759
1853,722,END02243,ENC00078,ENR00759
1854,723,END02244,ENC00290,ENR00759
1855,724,END02245,ENC00055,ENR00757
1856,725,END02246,ENC00228,ENR00757
1857,726,END02247,ENC00219,ENR00757
1858,727,END02248,ENC00233,ENR00757
1859,728,END02249,ENC00055,ENR00759
1860,729,END02250,ENC00055,ENR01319
1861,730,END02251,ENC00228,ENR01319
1862,731,END02252,ENC00287,ENR01319
1863,732,END02253,ENC00290,ENR01319
1864,733,END02254,ENC00055,ENR01320
1865,734,END02255,ENC00228,ENR01320
1866,735,END02256,ENC00292,ENR01320
1867,736,END02257,ENC00248,ENR00755
1868,737,END02258,ENC00276,ENR00755
1869,738,END02259,ENC00306,ENR00918
1870,739,END02260,ENC00360,ENR00759
1871,740,END02261,ENC00093,ENR00759
1872,741,END02262,ENC00093,ENR00755
1873,742,END02263,ENC00093,ENR01320
1874,743,END02264,ENC00093,ENR00756
1875,744,END02265,ENC00150,ENR00755
1876,745,END02266,ENC00412,ENR00755
1877,746,END02267,ENC00287,ENR00759
1878,747,END02268,ENC00287,ENR00757
1879,748,END02269,ENC00097,ENR00758
1880,749,END02270,ENC00074,ENR00756
1881,750,END02271,ENC00171,ENR00756
1882,751,END02272,ENC00132,ENR00756
1883,752,END02273,ENC00472,ENR00756
1884,753,END02274,ENC00419,ENR00756
1885,754,END02275,ENC00276,ENR00758
1886,755,END02276,ENC00063,ENR01265
1887,756,END02277,ENC00020,ENR01265
1888,757,END02278,ENC00216,ENR01323
1889,758,END02279,ENC00130,ENR01323
1890,759,END02280,ENC00144,ENR01323
1891,760,END02281,ENC00048,ENR01323
1892,761,END02282,ENC00074,ENR01323
1893,762,END02283,ENC00074,ENR01324
1894,763,END02284,ENC00063,ENR01324
1895,764,END02285,ENC00382,ENR01324
1896,765,END02287,ENC00556,ENR00734
1897,766,END02288,ENC00048,ENR01326
1898,767,END02289,ENC00074,ENR01326
1899,768,END02290,ENC00127,ENR01326
1900,769,END02291,ENC00132,ENR01326
1901,770,END02292,ENC00112,ENR01326
1902,771,END02293,ENC00184,ENR01326
1903,772,END02294,ENC00130,ENR01326
1904,773,END02295,ENC00578,ENR01326
1905,774,END02296,ENC00389,ENR01296
1906,775,END02297,ENC00144,ENR00756
1907,776,END02298,ENC00248,ENR00758
1908,777,END02299,ENC00020,ENR01321
1909,778,END02300,ENC00048,ENR01321
1910,779,END02301,ENC00127,ENR01321
1911,780,END02302,ENC00140,ENR01321
1912,781,END02303,ENC00115,ENR01321
1913,782,END02304,ENC00184,ENR01321
1914,783,END02305,ENC00130,ENR01321
1915,784,END02306,ENC00144,ENR01321
1916,785,END02307,ENC00102,ENR01321
1917,786,END02308,ENC00275,ENR01265
1918,787,END02309,ENC00050,ENR01265
1919,788,END02310,ENC00182,ENR01265
1920,789,END02311,ENC00575,ENR00756
1921,790,END02312,ENC00360,ENR00756
1922,791,END02313,ENC00050,ENR00756
1923,792,END02314,ENC00284,ENR00756
1924,793,END02315,ENC00284,ENR00758
1925,794,END02316,ENC00423,ENR00756
1926,795,END02317,ENC00423,ENR01265
1927,796,END02318,ENC00472,ENR01265
1928,797,END02320,ENC00419,ENR00758
1929,798,END02321,ENC00027,ENR00756
1930,799,END02322,ENC00088,ENR00756
1931,800,END02323,ENC00412,ENR00756
1932,801,END02324,ENC00013,ENR00756
1933,802,END02325,ENC00013,ENR01265
1934,803,END02326,ENC00283,ENR00756
1935,804,END02327,ENC00287,ENR00756
1936,805,END02328,ENC00287,ENR00758
1937,806,END02329,ENC00228,ENR01265
1938,807,END02330,ENC00246,ENR01265
1939,808,END02331,ENC00022,ENR00756
1940,809,END02332,ENC00365,ENR00756
1941,810,END02333,ENC00365,ENR00758
1942,811,END02334,ENC00542,ENR00756
1943,812,END02335,ENC00360,ENR01265
1944,813,END02336,ENC00360,ENR00758
1945,814,END02337,ENC00018,ENR01323
1946,815,END02338,ENC00306,ENR01323
1947,816,END02339,ENC00276,ENR01323
1948,817,END02340,ENC00112,ENR01324
1949,818,END02341,ENC00020,ENR01324
1950,819,END02342,ENC00048,ENR01324
1951,820,END02343,ENC00130,ENR01324
1952,821,END02344,ENC00140,ENR01324
1953,822,END02345,ENC00127,ENR01324
1954,823,END02346,ENC00397,ENR01324
1955,824,END02347,ENC00097,ENR01325
1956,825,END02348,ENC00578,ENR01325
1957,826,END02349,ENC00074,ENR01325
1958,827,END02350,ENC00063,ENR01325
1959,828,END02351,ENC00048,ENR01325
1960,829,END02352,ENC00306,ENR01325
1961,830,END02353,ENC00020,ENR01322
1962,831,END02354,ENC00140,ENR01322
1963,832,END02355,ENC00578,ENR01322
1964,833,END02356,ENC00411,ENR00756
1965,834,END02357,ENC00132,ENR00758
1966,835,END02358,ENC00063,ENR00758
1967,836,END02359,ENC00074,ENR00758
1968,837,END02360,ENC00127,ENR01265
1969,838,END02361,ENC00063,ENR01321
1970,839,END02362,ENC00122,ENR01321
1971,840,END02363,ENC00130,ENR00755
1972,841,END02364,ENC00020,ENR00755
1973,842,END02365,ENC00048,ENR00755
1974,843,END02366,ENC00074,ENR00755
1975,844,END02367,ENC00005,ENR00755
1976,845,END02368,ENC00578,ENR00755
1977,846,END02369,ENC00144,ENR00755
1978,847,END02370,ENC00063,ENR00755
1979,848,END02371,ENC00122,ENR00755
1980,849,END02372,ENC00048,ENR00759
1981,850,END02373,ENC00074,ENR00759
1982,851,END02374,ENC00144,ENR00759
1983,852,END02375,ENC00020,ENR00759
1984,853,END02376,ENC00578,ENR00759
1985,854,END02377,ENC00063,ENR00759
1986,855,END02378,ENC00130,ENR00759
1987,856,END02379,ENC00005,ENR00759
1988,857,END02380,ENC00132,ENR00759
1989,858,END02381,ENC00127,ENR00759
1990,859,END02382,ENC00009,ENR00759
1991,860,END02383,ENC00130,ENR00757
1992,861,END02384,ENC00074,ENR00757
1993,862,END02385,ENC00144,ENR00757
1994,863,END02386,ENC00140,ENR00757
1995,864,END02387,ENC00020,ENR00757
1996,865,END02388,ENC00122,ENR00757
1997,866,END02389,ENC00102,ENR00757
1998,867,END02390,ENC00125,ENR01320
1999,868,END02391,ENC00575,ENR00758
2000,869,END02392,ENC00031,ENR00758
2001,870,END02393,ENC00152,ENR00757
2002,871,END02394,ENC00150,ENR00757
2003,872,END02395,ENC00152,ENR00759
2004,873,END02396,ENC00222,ENR00755
2005,874,END02397,ENC00222,ENR00757
2006,875,END02398,ENC00222,ENR00759
2007,876,END02399,ENC00222,ENR01319
2008,877,END02400,ENC00222,ENR01320
2009,878,END02401,ENC00287,ENR01323
2010,879,END02402,ENC00228,ENR01323
2011,880,END02403,ENC00216,ENR01325
2012,881,END02404,ENC00055,ENR01324
2013,882,END02411,ENC00020,ENR01325
2014,883,END02412,ENC00055,ENR01325
2015,884,END02413,ENC00055,ENR01327
2016,885,END02414,ENC00112,ENR01327
2017,886,END02415,ENC00074,ENR01327
2018,887,END02416,ENC00144,ENR01327
2019,888,END02417,ENC00130,ENR01327
2020,889,END02418,ENC00306,ENR01327
2021,890,END02419,ENC00127,ENR01327
2022,891,END02420,ENC00389,ENR01327
2023,892,END02421,ENC00231,ENR01325
2024,893,END02422,ENC00222,ENR01325
2025,894,END02423,ENC00152,ENR01325
2026,895,END02424,ENC00020,ENR01327
2027,896,END02425,ENC00411,ENR01327
2028,897,END02426,ENC00287,ENR01327
2029,898,END02427,ENC00013,ENR01327
2030,899,END02428,ENC00578,ENR01327
2031,900,END02429,ENC00472,ENR01327
2032,901,END02430,ENC00423,ENR01327
2033,902,END02431,ENC00216,ENR01327
2034,903,END02432,ENC00207,ENR00808
2035,904,END02433,ENC00007,ENR00808
2036,905,END02434,ENC00457,ENR00808
2037,906,END02435,ENC00011,ENR01025
2038,907,END02436,ENC00011,ENR01027
2039,908,END02437,ENC00007,ENR01025
2040,909,END02438,ENC00007,ENR01026
2041,910,END02439,ENC00007,ENR01108
2042,911,END02440,ENC00168,ENR00784
2043,912,END02441,ENC00287,ENR01328
2044,913,END02442,ENC00397,ENR01328
2045,914,END02443,ENC00053,ENR01328
2046,915,END02444,ENC00528,ENR01328
2047,916,END02445,ENC00528,ENR00873
2048,917,END02446,ENC00528,ENR00934
2049,918,END02447,ENC00528,ENR00761
2050,919,END02448,ENC00144,ENR00746
2051,920,END02449,ENC00144,ENR00744
2052,921,END02450,ENC00578,ENR00663
2053,922,END02451,ENC00578,ENR00704
2054,923,END02452,ENC00578,ENR00905
2055,924,END02453,ENC00027,ENR01328
2056,925,END02454,ENC00022,ENR00263
2057,926,END02455,ENC00584,ENR00263
2058,927,END02456,ENC00055,ENR00263
2059,928,END02460,ENC00288,ENR00742
2060,929,END02461,ENC00168,ENR00742
2061,930,END02462,ENC00168,ENR00741
2062,931,END02463,ENC00170,ENR00741
2063,932,END02464,ENC00011,ENR00742
2064,933,END02465,ENC00170,ENR00742
2065,934,END02466,ENC00011,ENR00741
2066,935,END02467,ENC00011,ENR00747
2067,936,END02468,ENC00170,ENR00747
2068,937,END02469,ENC00007,ENR00761
2069,938,END02470,ENC00020,ENR01187
2070,939,END02471,ENC00063,ENR01187
2071,940,END02472,ENC00171,ENR01187
2072,941,END02473,ENC00140,ENR01187
2073,942,END02474,ENC00145,ENR01187
2074,943,END02475,ENC00246,ENR01187
2075,944,END02476,ENC00389,ENR01187
2076,945,END02477,ENC00018,ENR01187
2077,946,END02478,ENC00122,ENR00873
2078,947,END02479,ENC00216,ENR00662
2079,948,END02481,ENC00216,ENR00704
2080,949,END02482,ENC00216,ENR00085
2081,950,END02483,ENC00216,ENR00664
2082,951,END02484,ENC00216,ENR00984
2083,952,END02485,ENC00216,ENR00659
2084,953,END02486,ENC00216,ENR00982
2085,954,END02487,ENC00216,ENR00983
2086,955,END02488,ENC00216,ENR00058
2087,956,END02489,ENC00216,ENR00695
2088,957,END02490,ENC00216,ENR00696
2089,958,END02491,ENC00144,ENR00691
2090,959,END02492,ENC00130,ENR00691
2091,960,END02493,ENC00130,ENR00662
2092,961,END02494,ENC00423,ENR00662
2093,962,END02495,ENC00423,ENR00691
2094,963,END02496,ENC00244,ENR00662
2095,964,END02497,ENC00009,ENR00089
2096,965,END02498,ENC00145,ENR00934
2097,966,END02499,ENC00020,ENR00851
2098,967,END02500,ENC00102,ENR00851
2099,968,END02501,ENC00140,ENR00851
2100,969,END02502,ENC00112,ENR00851
2101,970,END02503,ENC00048,ENR00663
2102,971,END02504,ENC00122,ENR00663
2103,972,END02505,ENC00487,ENR00700
2104,973,END02506,ENC00020,ENR00698
2105,974,END02507,ENC00007,ENR00698
2106,975,END02508,ENC00150,ENR00796
2107,976,END02509,ENC00048,ENR00796
2108,977,END02510,ENC00023,ENR00796
2109,978,END02512,ENC00545,ENR00068
2110,979,END02513,ENC00361,ENR00633
2111,980,END02515,ENC00189,ENR00766
2112,981,END02516,ENC00361,ENR00579
2113,982,END02517,ENC00182,ENR00957
2114,983,END02518,ENC00413,ENR00817
2115,984,END02519,ENC00275,ENR00929
2116,985,END02520,ENC00050,ENR00822
2117,986,END02521,ENC00182,ENR00822
2118,987,END02522,ENC00361,ENR00792
2119,988,END02523,ENC00487,ENR00792
2120,989,END02524,ENC00023,ENR00795
2121,990,END02525,ENC00152,ENR00795
2122,991,END02526,ENC00013,ENR00795
2123,992,END02527,ENC00163,ENR00795
2124,993,END02528,ENC00132,ENR00796
2125,994,END02529,ENC00578,ENR00796
2126,995,END02530,ENC00063,ENR00796
2127,996,END02531,ENC00134,ENR00797
2128,997,END02532,ENC00487,ENR00797
2129,998,END02533,ENC00275,ENR01012
2130,999,END02534,ENC00386,ENR01012
2131,1000,END02535,ENC00425,ENR01012
2132,1001,END02536,ENC00556,ENR00361
2133,1002,END02537,ENC00161,ENR00361
2134,1003,END02538,ENC00134,ENR00361
2135,1004,END02539,ENC00262,ENR00068
2136,1005,END02540,ENC00027,ENR00751
2137,1006,END02541,ENC00556,ENR00751
2138,1007,END02542,ENC00181,ENR00751
2139,1008,END02543,ENC00250,ENR00884
2140,1009,END02544,ENC00250,ENR01027
2141,1010,END02545,ENC00062,ENR00885
2142,1011,END02546,ENC00059,ENR00780
2143,1012,END02548,ENC00040,ENR00780
2144,1013,END02549,ENC00060,ENR00780
2145,1014,END02550,ENC00059,ENR00781
2146,1015,END02551,ENC00132,ENR00780
2147,1016,END02552,ENC00439,ENR00741
2148,1017,END02553,ENC00439,ENR00742
2149,1018,END02555,ENC00122,ENR01294
2150,1019,END02557,ENC00468,ENR00669
2151,1020,END02559,ENC00585,ENR00822
2152,1021,END02560,ENC00178,ENR00817
2153,1022,END02561,ENC00312,ENR01237
2154,1023,END02562,ENC00115,ENR00701
2155,1024,END02563,ENC00578,ENR00795
2156,1025,END02564,ENC00578,ENR00795
2157,1026,END02565,ENC00540,ENR00822
2158,1027,END02566,ENC00556,ENR00797
2159,1028,END02567,ENC00556,ENR00817
2160,1029,END02568,ENC00539,ENR00817
2161,1030,END02569,ENC00539,ENR00818
2162,1031,END02570,ENC00161,ENR00818
2163,1032,END02571,ENC00556,ENR00818
2164,1033,END02572,ENC00182,ENR00929
2165,1034,END02573,ENC00539,ENR00929
2166,1035,END02574,ENC00539,ENR00987
2167,1036,END02575,ENC00413,ENR00987
2168,1037,END02576,ENC00361,ENR00987
2169,1038,END02577,ENC00050,ENR00987
2170,1039,END02578,ENC00053,ENR00816
2171,1040,END02579,ENC00163,ENR00922
2172,1041,END02580,ENC00050,ENR00922
2173,1042,END02581,ENC00539,ENR00005
2174,1043,END02582,ENC00025,ENR00928
2175,1044,END02583,ENC00026,ENR00928
2176,1045,END02584,ENC00025,ENR01063
2177,1046,END02585,ENC00050,ENR01063
2178,1047,END02586,ENC00027,ENR00958
2179,1048,END02587,ENC00163,ENR01060
2180,1049,END02588,ENC00361,ENR01060
2181,1050,END02589,ENC00050,ENR01060
2182,1051,END02590,ENC00182,ENR01060
2183,1052,END02591,ENC00134,ENR01060
2184,1053,END02592,ENC00357,ENR01060
2185,1054,END02593,ENC00050,ENR00684
2186,1055,END02594,ENC00284,ENR00684
2187,1056,END02595,ENC00423,ENR00684
2188,1057,END02596,ENC00161,ENR01012
2189,1058,END02597,ENC00050,ENR00751
2190,1059,END02598,ENC00275,ENR00751
2191,1060,END02599,ENC00424,ENR00834
2192,1061,END02600,ENC00050,ENR00784
2193,1062,END02601,ENC00275,ENR00795
2194,1063,END02602,ENC00275,ENR00796
2195,1064,END02603,ENC00275,ENR00797
2196,1065,END02604,ENC00004,ENR00693
2197,1066,END02605,ENC00550,ENR00816
2198,1067,END02606,ENC00550,ENR00922
2199,1068,END02607,ENC00184,ENR00780
2200,1069,END02608,ENC00184,ENR00781
2201,1070,END02609,ENC00152,ENR01149
2202,1071,END02610,ENC00152,ENR00758
2203,1072,END02612,ENC00020,ENR01212
2204,1073,END02613,ENC00361,ENR00972
2205,1074,END02614,ENC00322,ENR00972
2206,1075,END02615,ENC00074,ENR01190
2207,1076,END02616,ENC00283,ENR01282
2208,1077,END02617,ENC00587,ENR00766
2209,1078,END02618,ENC00587,ENR01032
2210,1079,END02619,ENC00588,ENR00766
2211,1080,END02620,ENC00588,ENR01032
2212,1081,END02621,ENC00180,ENR00737
2213,1082,END02622,ENC00180,ENR00579
2214,1083,END02627,ENC00112,ENR00979
2215,1084,END02628,ENC00210,ENR00663
2216,1085,END02629,ENC00210,ENR00905
2217,1086,END02630,ENC00067,ENR00704
2218,1087,END02631,ENC00472,ENR01320
2219,1088,END02633,ENC00261,ENR01317
2220,1089,END02634,ENC00086,ENR01008
2221,1090,END02635,ENC00009,ENR01334
2222,1091,END02636,ENC00097,ENR01334
2223,1092,END02637,ENC00140,ENR01334
2224,1093,END02638,ENC00361,ENR01334
2225,1094,END02639,ENC00579,ENR01334
2226,1095,END02640,ENC00596,ENR00574
2227,1096,END02641,ENC00053,ENR00936
2228,1097,END02642,ENC00361,ENR00936
2229,1098,END02643,ENC00233,ENR01335
2230,1099,END02644,ENC00287,ENR01335
2231,1100,END02645,ENC00597,ENR00710
2232,1101,END02646,ENC00112,ENR00710
2233,1102,END02647,ENC00306,ENR00710
2234,1103,END02648,ENC00125,ENR00710
2235,1104,END02649,ENC00244,ENR00710
2236,1105,END02650,ENC00144,ENR00710
2237,1106,END02651,ENC00130,ENR00710
2238,1107,END02652,ENC00005,ENR00901
2239,1108,END02653,ENC00122,ENR00122
2240,1109,END02654,ENC00005,ENR00122
2241,1110,END02655,ENC00063,ENR00122
2242,1111,END02656,ENC00127,ENR00122
2243,1112,END02657,ENC00221,ENR00122
2244,1113,END02658,ENC00578,ENR00122
2245,1114,END02659,ENC00125,ENR00122
2246,1115,END02660,ENC00112,ENR00122
2247,1116,END02661,ENC00020,ENR00122
2248,1117,END02662,ENC00150,ENR00118
2249,1118,END02663,ENC00360,ENR00667
2250,1119,END02664,ENC00150,ENR00667
2251,1120,END02665,ENC00578,ENR00659
2252,1121,END02666,ENC00053,ENR00659
2253,1122,END02667,ENC00164,ENR00659
2254,1123,END02668,ENC00020,ENR00659
2255,1124,END02669,ENC00414,ENR00776
2256,1125,END02670,ENC00247,ENR00851
2257,1126,END02671,ENC00276,ENR00851
2258,1127,END02672,ENC00217,ENR00851
2259,1128,END02673,ENC00074,ENR00851
2260,1129,END02674,ENC00599,ENR00659
2261,1130,END02675,ENC00217,ENR00061
2262,1131,END02676,ENC00600,ENR00061
2263,1132,END02677,ENC00076,ENR00746
2264,1133,END02678,ENC00276,ENR01194
2265,1134,END02679,ENC00233,ENR00651
2266,1135,END02681,ENC00580,ENR00579
2267,1136,END02682,ENC00601,ENR01337
2268,1137,END02683,ENC00067,ENR01338
2269,1138,END02684,ENC00174,ENR01339
2270,1139,END02685,ENC00360,ENR01339
2271,1140,END02686,ENC00020,ENR01339
2272,1141,END02687,ENC00361,ENR01056
2273,1142,END02688,ENC00053,ENR01056
2274,1143,END02689,ENC00216,ENR01090
2275,1144,END02690,ENC00228,ENR01090
2276,1145,END02691,ENC00600,ENR01090
2277,1146,END02692,ENC00250,ENR01090
2278,1147,END02693,ENC00182,ENR01055
2279,1148,END02694,ENC00413,ENR01055
2280,1149,END02695,ENC00361,ENR01055
2281,1150,END02696,ENC00487,ENR01055
2282,1151,END02697,ENC00228,ENR00690
2283,1152,END02698,ENC00217,ENR00690
2284,1153,END02699,ENC00294,ENR00690
2285,1154,END02700,ENC00283,ENR00853
2286,1155,END02701,ENC00600,ENR01152
2287,1156,END02702,ENC00228,ENR00675
2288,1157,END02703,ENC00168,ENR01054
2289,1158,END02704,ENC00504,ENR01086
2290,1159,END02705,ENC00538,ENR01086
2291,1160,END02707,ENC00177,ENR00958
2292,1161,END02708,ENC00233,ENR01340
2293,1162,END02709,ENC00150,ENR00644
2294,1163,END02710,ENC00086,ENR00698
2295,1164,END02711,ENC00086,ENR00700
2296,1165,END02713,ENC00260,ENR00700
2297,1166,END02714,ENC00122,ENR01100
2298,1167,END02715,ENC00250,ENR01109
2299,1168,END02716,ENC00063,ENR01108
2300,1169,END02717,ENC00152,ENR01108
2301,1170,END02718,ENC00074,ENR01108
2302,1171,END02719,ENC00152,ENR01109
2303,1172,END02720,ENC00318,ENR00874
2304,1173,END02721,ENC00600,ENR00678
2305,1174,END02722,ENC00342,ENR00678
2306,1175,END02723,ENC00287,ENR00420
2307,1176,END02724,ENC00360,ENR01341
2308,1177,END02725,ENC00473,ENR00712
2309,1178,END02726,ENC00027,ENR01343
2310,1179,END02727,ENC00005,ENR01003
2311,1180,END02728,ENC00179,ENR00780
2312,1181,END02729,ENC00217,ENR01346
2313,1182,END02730,ENC00037,ENR01347
2314,1183,END02731,ENC00604,ENR01349
2315,1184,END02733,ENC00278,ENR01349
2316,1185,END02734,ENC00128,ENR00669
2317,1186,END02735,ENC00247,ENR01216
2318,1187,END02736,ENC00262,ENR01350
2319,1188,END02738,ENC00222,ENR00664
2320,1189,END02739,ENC00284,ENR01356
