,Unnamed: 0,Endo_id,source_cell,sec_hormone
0,0,ENS00885,ENC00096,ENH00460
1,1,ENS00886,ENC00018,ENH00460
2,2,ENS00887,ENC00250,ENH00460
3,3,ENS00888,ENC00325,ENH00460
4,4,ENS00889,ENC00093,ENH00460
5,5,ENS00890,ENC00093,ENH00461
6,6,ENS00891,ENC00020,ENH00461
7,7,ENS00892,ENC00018,ENH00461
8,8,ENS00893,ENC00096,ENH00212
9,9,ENS00894,ENC00326,ENH00462
10,10,ENS00895,ENC00216,ENH00462
11,11,ENS00896,ENC00283,ENH00462
12,12,ENS00897,ENC00093,ENH00030
13,13,ENS00898,ENC00350,ENH00463
14,14,ENS00899,ENC00323,ENH00463
15,15,ENS00900,ENC00063,ENH00463
16,16,ENS00902,ENC00048,ENH00463
17,17,ENS00904,ENC00356,ENH00467
18,18,ENS00905,ENC00356,ENH00464
19,19,ENS00906,ENC00356,ENH00466
20,20,ENS00907,ENC00011,ENH00137
21,21,ENS00910,ENC00112,ENH00468
22,22,ENS00911,ENC00018,ENH00468
23,23,ENS00912,ENC00096,ENH00468
24,24,ENS00913,ENC00222,ENH00469
25,25,ENS00914,ENC00213,ENH00469
26,26,ENS00915,ENC00112,ENH00469
27,27,ENS00919,ENC00145,ENH00103
28,28,ENS00924,ENC00357,ENH00474
29,29,ENS00925,ENC00020,ENH00475
30,30,ENS00926,ENC00162,ENH00475
31,31,ENS00927,ENC00112,ENH00476
32,32,ENS00928,ENC00074,ENH00476
33,33,ENS00930,ENC00130,ENH00476
34,34,ENS00931,ENC00125,ENH00476
35,35,ENS00932,ENC00122,ENH00476
36,36,ENS00933,ENC00128,ENH00476
37,37,ENS00934,ENC00259,ENH00476
38,38,ENS00936,ENC00144,ENH00476
39,39,ENS00937,ENC00063,ENH00476
40,40,ENS00938,ENC00361,ENH00496
41,41,ENS00941,ENC00184,ENH00496
42,42,ENS00942,ENC00221,ENH00496
43,43,ENS00943,ENC00074,ENH00496
44,44,ENS00944,ENC00357,ENH00479
45,45,ENS00945,ENC00366,ENH00479
46,46,ENS00946,ENC00369,ENH00479
47,47,ENS00947,ENC00372,ENH00480
48,48,ENS00948,ENC00375,ENH00480
49,49,ENS00949,ENC00020,ENH00480
50,50,ENS00951,ENC00048,ENH00499
51,51,ENS00952,ENC00020,ENH00499
52,52,ENS00953,ENC00122,ENH00499
53,53,ENS00954,ENC00074,ENH00499
54,54,ENS00955,ENC00074,ENH00497
55,55,ENS00956,ENC00102,ENH00498
56,56,ENS00957,ENC00093,ENH00498
57,57,ENS00958,ENC00020,ENH00498
58,58,ENS00960,ENC00112,ENH00498
59,59,ENS00961,ENC00020,ENH00499
60,60,ENS00962,ENC00074,ENH00499
61,61,ENS00963,ENC00048,ENH00499
62,62,ENS00964,ENC00122,ENH00499
63,63,ENS00965,ENC00379,ENH00500
64,64,ENS00966,ENC00048,ENH00500
65,65,ENS00967,ENC00020,ENH00500
66,66,ENS00968,ENC00184,ENH00500
67,67,ENS00969,ENC00221,ENH00500
68,68,ENS00970,empty0,empty0
69,69,ENS00971,ENC00127,ENH00500
70,70,ENS00972,ENC00022,ENH00500
71,71,ENS00973,ENC00037,ENH00503
72,72,ENS00974,ENC00005,ENH00504
73,73,ENS00975,ENC00323,ENH00504
74,74,ENS00976,ENC00048,ENH00504
75,75,ENS00977,ENC00020,ENH00504
76,76,ENS00978,ENC00122,ENH00504
77,77,ENS00979,ENC00102,ENH00504
78,78,ENS00980,ENC00144,ENH00504
79,79,ENS00981,ENC00115,ENH00504
80,80,ENS00982,ENC00140,ENH00504
81,81,ENS00983,ENC00097,ENH00504
82,82,ENS00984,ENC00127,ENH00504
83,83,ENS00985,ENC00184,ENH00504
84,84,ENS00986,ENC00112,ENH00505
85,85,ENS00987,ENC00102,ENH00505
86,86,ENS00988,ENC00130,ENH00505
87,87,ENS00989,ENC00313,ENH00505
88,88,ENS00990,ENC00048,ENH00505
89,89,ENS00991,ENC00020,ENH00505
90,90,ENS00992,ENC00122,ENH00505
91,91,ENS00993,ENC00063,ENH00505
92,92,ENS00994,ENC00074,ENH00505
93,93,ENS00996,ENC00326,ENH00505
94,94,ENS00997,ENC00093,ENH00504
95,95,ENS00998,ENC00102,ENH00506
96,96,ENS00999,ENC00164,ENH00506
97,97,ENS01000,ENC00020,ENH00506
98,98,ENS01001,ENC00048,ENH00506
99,99,ENS01003,ENC00171,ENH00506
100,100,ENS01004,ENC00381,ENH00506
101,101,ENS01005,ENC00018,ENH00507
102,102,ENS01006,ENC00326,ENH00507
103,103,ENS01007,ENC00063,ENH00507
104,104,ENS01009,ENC00093,ENH00507
105,105,ENS01010,ENC00382,ENH00507
106,106,ENS01011,ENC00048,ENH00507
107,107,ENS01012,ENC00074,ENH00507
108,108,ENS01013,ENC00102,ENH00507
109,109,ENS01014,ENC00093,ENH00507
110,110,ENS01015,ENC00325,ENH00507
111,111,ENS01016,ENC00112,ENH00508
112,112,ENS01020,ENC00265,ENH00508
113,113,ENS01021,ENC00093,ENH00508
114,114,ENS01022,ENC00384,ENH00212
115,115,ENS01024,ENC00262,ENH00509
116,116,ENS01025,ENC00020,ENH00510
117,117,ENS01026,ENC00074,ENH00510
118,118,ENS01027,ENC00263,ENH00510
119,119,ENS01028,ENC00140,ENH00510
120,120,ENS01034,ENC00097,ENH00512
121,121,ENS01035,ENC00360,ENH00512
122,122,ENS01036,ENC00284,ENH00511
123,123,ENS01037,ENC00020,ENH00511
124,124,ENS01038,ENC00283,ENH00511
125,125,ENS01039,ENC00360,ENH00511
126,126,ENS01040,ENC00184,ENH00511
127,127,ENS01041,ENC00221,ENH00511
128,128,ENS01042,ENC00097,ENH00511
129,129,ENS01043,ENC00250,ENH00511
130,130,ENS01044,ENC00250,ENH00512
131,131,ENS01045,ENC00250,ENH00144
132,132,ENS01046,ENC00020,ENH00518
133,133,ENS01047,ENC00250,ENH00518
134,134,ENS01048,ENC00074,ENH00518
135,135,ENS01049,ENC00048,ENH00521
136,136,ENS01050,ENC00074,ENH00521
137,137,ENS01051,ENC00097,ENH00521
138,138,ENS01052,ENC00127,ENH00521
139,139,ENS01053,ENC00221,ENH00521
140,140,ENS01054,ENC00112,ENH00521
141,141,ENS01056,ENC00020,ENH00522
142,142,ENS01057,ENC00112,ENH00522
143,143,ENS01058,ENC00048,ENH00522
144,144,ENS01059,ENC00063,ENH00522
145,145,ENS01060,ENC00074,ENH00522
146,146,ENS01061,ENC00122,ENH00522
147,147,ENS01062,ENC00102,ENH00522
148,148,ENS01063,ENC00164,ENH00522
149,149,ENS01064,ENC00213,ENH00525
150,150,ENS01065,ENC00323,ENH00525
151,151,ENS01066,ENC00231,ENH00526
152,152,ENS01067,ENC00112,ENH00527
153,153,ENS01068,ENC00125,ENH00527
154,154,ENS01069,ENC00048,ENH00527
155,155,ENS01070,ENC00074,ENH00527
156,156,ENS01071,ENC00164,ENH00528
157,157,ENS01073,ENC00018,ENH00494
158,158,ENS01074,ENC00093,ENH00477
159,159,ENS01075,ENC00093,ENH00482
160,160,ENS01076,ENC00093,ENH00490
161,161,ENS01077,ENC00174,ENH00140
162,162,ENS01078,ENC00249,ENH00534
163,163,ENS01079,ENC00278,ENH00534
164,164,ENS01080,ENC00063,ENH00534
165,165,ENS01082,ENC00130,ENH00163
166,166,ENS01083,ENC00102,ENH00163
167,167,ENS01084,ENC00189,ENH00414
168,168,ENS01085,ENC00093,ENH00487
169,169,ENS01086,ENC00231,ENH00541
170,170,ENS01087,ENC00063,ENH00541
171,171,ENS01088,ENC00097,ENH00541
172,172,ENS01089,ENC00127,ENH00541
173,173,ENS01090,ENC00140,ENH00541
174,174,ENS01091,ENC00249,ENH00543
175,175,ENS01092,ENC00127,ENH00543
176,176,ENS01093,ENC00127,ENH00542
177,177,ENS01094,ENC00249,ENH00542
178,178,ENS01096,ENC00127,ENH00550
179,179,ENS01097,ENC00221,ENH00550
180,180,ENS01098,ENC00048,ENH00552
181,181,ENS01099,ENC00102,ENH00552
182,182,ENS01100,ENC00122,ENH00552
183,183,ENS01101,ENC00127,ENH00552
184,184,ENS01102,ENC00130,ENH00552
185,185,ENS01103,ENC00013,ENH00357
186,186,ENS01105,ENC00221,ENH00556
187,187,ENS01106,ENC00102,ENH00556
188,188,ENS01107,ENC00063,ENH00556
189,189,ENS01108,ENC00112,ENH00556
190,190,ENS01109,ENC00130,ENH00556
191,191,ENS01110,ENC00020,ENH00559
192,192,ENS01111,ENC00171,ENH00559
193,193,ENS01112,ENC00020,ENH00560
194,194,ENS01113,ENC00112,ENH00560
195,195,ENS01114,ENC00076,ENH00560
196,196,ENS01115,ENC00063,ENH00560
197,197,ENS01116,ENC00074,ENH00560
198,198,ENS01118,ENC00048,ENH00560
199,199,ENS01119,ENC00360,ENH00560
200,200,ENS01120,ENC00140,ENH00561
201,201,ENS01121,ENC00048,ENH00561
202,202,ENS01122,ENC00122,ENH00561
203,203,ENS01123,ENC00184,ENH00561
204,204,ENS01124,ENC00127,ENH00561
205,205,ENS01125,ENC00097,ENH00561
206,206,ENS01127,ENC00140,ENH00563
207,207,ENS01128,ENC00020,ENH00564
208,208,ENS01138,ENC00216,ENH00566
209,209,ENS01139,ENC00247,ENH00566
210,210,ENS01140,ENC00247,ENH00568
211,211,ENS01141,ENC00216,ENH00568
212,212,ENS01142,ENC00130,ENH00568
213,213,ENS01143,ENC00306,ENH00568
214,214,ENS01144,ENC00018,ENH00568
215,215,ENS01146,ENC00228,ENH00568
216,216,ENS01147,ENC00112,ENH00568
217,217,ENS01148,ENC00048,ENH00568
218,218,ENS01149,ENC00074,ENH00568
219,219,ENS01151,ENC00144,ENH00568
220,220,ENS01152,ENC00102,ENH00568
221,221,ENS01153,ENC00250,ENH00373
222,222,ENS01154,ENC00330,ENH00373
223,223,ENS01155,ENC00330,ENH00371
224,224,ENS01156,ENC00122,ENH00250
225,225,ENS01157,ENC00097,ENH00250
226,226,ENS01158,ENC00184,ENH00250
227,227,ENS01160,ENC00074,ENH00250
228,228,ENS01161,ENC00093,ENH00570
229,229,ENS01162,ENC00283,ENH00570
230,230,ENS01163,ENC00097,ENH00570
231,231,ENS01164,ENC00140,ENH00570
232,232,ENS01165,ENC00048,ENH00570
233,233,ENS01171,ENC00048,ENH00573
234,234,ENS01172,ENC00063,ENH00573
235,235,ENS01173,ENC00074,ENH00573
236,236,ENS01174,ENC00102,ENH00573
237,237,ENS01175,ENC00112,ENH00573
238,238,ENS01176,ENC00097,ENH00573
239,239,ENS01177,ENC00127,ENH00573
240,240,ENS01178,ENC00130,ENH00573
241,241,ENS01180,ENC00063,ENH00574
242,242,ENS01181,ENC00140,ENH00574
243,243,ENS01182,ENC00112,ENH00574
244,244,ENS01183,ENC00097,ENH00574
245,245,ENS01185,ENC00127,ENH00574
246,246,ENS01186,ENC00330,ENH00574
247,247,ENS01187,ENC00250,ENH00574
248,248,ENS01188,ENC00393,ENH00574
249,249,ENS01189,ENC00112,ENH00272
250,250,ENS01193,ENC00027,ENH00575
251,251,ENS01194,ENC00181,ENH00575
252,252,ENS01195,ENC00050,ENH00575
253,253,ENS01197,ENC00063,ENH00575
254,254,ENS01198,ENC00076,ENH00575
255,255,ENS01199,ENC00357,ENH00575
256,256,ENS01200,ENC00263,ENH00576
257,257,ENS01201,ENC00207,ENH00576
258,258,ENS01202,ENC00231,ENH00576
259,259,ENS01203,ENC00020,ENH00576
260,260,ENS01204,ENC00181,ENH00576
261,261,ENS01205,ENC00037,ENH00576
262,262,ENS01206,ENC00048,ENH00576
263,263,ENS01207,ENC00050,ENH00576
264,264,ENS01209,ENC00076,ENH00576
265,265,ENS01211,ENC00125,ENH00576
266,266,ENS01212,ENC00283,ENH00576
267,267,ENS01213,ENC00357,ENH00576
268,268,ENS01214,ENC00246,ENH00576
269,269,ENS01215,ENC00244,ENH00576
270,270,ENS01216,ENC00222,ENH00576
271,271,ENS01217,ENC00250,ENH00576
272,272,ENS01218,ENC00248,ENH00577
273,273,ENS01220,ENC00018,ENH00577
274,274,ENS01221,ENC00130,ENH00577
275,275,ENS01222,ENC00144,ENH00577
276,276,ENS01223,ENC00007,ENH00379
277,277,ENS01224,ENC00262,ENH00379
278,278,ENS01225,ENC00357,ENH00379
279,279,ENS01226,ENC00127,ENH00578
280,280,ENS01227,ENC00140,ENH00578
281,281,ENS01228,ENC00184,ENH00578
282,282,ENS01230,ENC00048,ENH00578
283,283,ENS01232,ENC00074,ENH00578
284,284,ENS01233,ENC00122,ENH00578
285,285,ENS01234,ENC00063,ENH00578
286,286,ENS01235,ENC00102,ENH00578
287,287,ENS01239,ENC00122,ENH00476
288,288,ENS01240,ENC00128,ENH00476
289,289,ENS01241,ENC00360,ENH00476
290,290,ENS01243,ENC00171,ENH00579
291,291,ENS01244,ENC00122,ENH00579
292,292,ENS01245,ENC00184,ENH00579
293,293,ENS01247,ENC00396,ENH00535
294,294,ENS01248,ENC00396,ENH00560
295,295,ENS01249,ENC00122,ENH00580
296,296,ENS01250,ENC00397,ENH00580
297,297,ENS01251,ENC00130,ENH00580
298,298,ENS01252,ENC00144,ENH00580
299,299,ENS01253,ENC00140,ENH00580
300,300,ENS01254,ENC00020,ENH00580
301,301,ENS01255,ENC00063,ENH00580
302,302,ENS01256,ENC00127,ENH00580
303,303,ENS01258,ENC00048,ENH00580
304,304,ENS01259,ENC00112,ENH00580
305,305,ENS01260,ENC00074,ENH00580
306,306,ENS01261,ENC00102,ENH00580
307,307,ENS01262,ENC00184,ENH00531
308,308,ENS01264,ENC00130,ENH00581
309,309,ENS01265,ENC00306,ENH00581
310,310,ENS01266,ENC00074,ENH00581
311,311,ENS01267,ENC00063,ENH00581
312,312,ENS01268,ENC00127,ENH00581
313,313,ENS01269,ENC00144,ENH00581
314,314,ENS01273,ENC00122,ENH00585
315,315,ENS01274,ENC00102,ENH00585
316,316,ENS01275,ENC00005,ENH00585
317,317,ENS01276,ENC00048,ENH00585
318,318,ENS01277,ENC00074,ENH00585
319,319,ENS01278,ENC00020,ENH00585
320,320,ENS01279,ENC00210,ENH00530
321,321,ENS01285,ENC00020,ENH00591
322,322,ENS01286,ENC00262,ENH00591
323,323,ENS01287,ENC00322,ENH00591
324,324,ENS01288,ENC00164,ENH00591
325,325,ENS01289,ENC00184,ENH00591
326,326,ENS01291,ENC00115,ENH00591
327,327,ENS01292,ENC00115,ENH00508
328,328,ENS01293,ENC00115,ENH00561
329,329,ENS01294,ENC00115,ENH00250
330,330,ENS01295,ENC00115,ENH00574
331,331,ENS01296,ENC00115,ENH00576
332,332,ENS01297,ENC00115,ENH00578
333,333,ENS01298,ENC00115,ENH00580
334,334,ENS01299,ENC00140,ENH00591
335,335,ENS01300,ENC00145,ENH00591
336,336,ENS01301,ENC00407,ENH00591
337,337,ENS01302,ENC00312,ENH00591
338,338,ENS01303,ENC00408,ENH00591
339,339,ENS01304,ENC00411,ENH00591
340,340,ENS01305,ENC00164,ENH00597
341,341,ENS01306,ENC00164,ENH00596
342,342,ENS01307,ENC00134,ENH00599
343,343,ENS01308,ENC00361,ENH00599
344,344,ENS01309,ENC00050,ENH00599
345,345,ENS01310,ENC00357,ENH00599
346,346,ENS01311,ENC00112,ENH00599
347,347,ENS01312,ENC00140,ENH00599
348,348,ENS01313,ENC00097,ENH00599
349,349,ENS01314,ENC00246,ENH00599
350,350,ENS01315,ENC00361,ENH00600
351,351,ENS01316,ENC00050,ENH00600
352,352,ENS01317,ENC00357,ENH00600
353,353,ENS01318,ENC00112,ENH00600
354,354,ENS01319,ENC00140,ENH00600
355,355,ENS01320,ENC00246,ENH00600
356,356,ENS01321,ENC00097,ENH00600
357,357,ENS01322,ENC00134,ENH00600
358,358,ENS01323,ENC00343,ENH00272
359,359,ENS01324,ENC00343,ENH00280
360,360,ENS01325,ENC00343,ENH00274
361,361,ENS01326,ENC00412,ENH00274
362,362,ENS01327,ENC00037,ENH00231
363,363,ENS01328,ENC00037,ENH00200
364,364,ENS01329,ENC00097,ENH00231
365,365,ENS01330,ENC00031,ENH00231
366,366,ENS01331,ENC00044,ENH00231
367,367,ENS01332,ENC00143,ENH00231
368,368,ENS01333,ENC00043,ENH00231
369,369,ENS01334,ENC00166,ENH00097
370,370,ENS01335,ENC00143,ENH00097
371,371,ENS01336,ENC00044,ENH00097
372,372,ENS01337,ENC00097,ENH00097
373,373,ENS01338,ENC00063,ENH00612
374,374,ENS01339,ENC00220,ENH00613
375,375,ENS01340,ENC00275,ENH00613
376,376,ENS01341,ENC00361,ENH00613
377,377,ENS01342,ENC00413,ENH00613
378,378,ENS01343,ENC00020,ENH00614
379,379,ENS01344,ENC00275,ENH00614
380,380,ENS01345,ENC00361,ENH00614
381,381,ENS01346,ENC00413,ENH00614
382,382,ENS01347,ENC00020,ENH00615
383,383,ENS01348,ENC00275,ENH00615
384,384,ENS01349,ENC00361,ENH00615
385,385,ENS01350,ENC00413,ENH00615
386,386,ENS01351,ENC00020,ENH00616
387,387,ENS01352,ENC00275,ENH00616
388,388,ENS01353,ENC00361,ENH00616
389,389,ENS01354,ENC00413,ENH00616
390,390,ENS01355,ENC00405,ENH00150
391,391,ENS01356,ENC00414,ENH00150
392,392,ENS01357,ENC00184,ENH00150
393,393,ENS01358,ENC00102,ENH00150
394,394,ENS01359,ENC00132,ENH00150
395,395,ENS01360,ENC00415,ENH00150
396,396,ENS01361,ENC00416,ENH00150
397,397,ENS01362,ENC00035,ENH00150
398,398,ENS01363,ENC00074,ENH00440
399,399,ENS01364,ENC00074,ENH00619
400,400,ENS01365,ENC00417,ENH00625
401,401,ENS01366,ENC00020,ENH00582
402,402,ENS01367,ENC00181,ENH00582
403,403,ENS01368,ENC00048,ENH00582
404,404,ENS01369,ENC00050,ENH00582
405,405,ENS01371,ENC00074,ENH00582
406,406,ENS01372,ENC00102,ENH00582
407,407,ENS01373,ENC00112,ENH00582
408,408,ENS01374,ENC00122,ENH00582
409,409,ENS01375,ENC00125,ENH00582
410,410,ENS01376,ENC00357,ENH00582
411,411,ENS01377,ENC00283,ENH00582
412,412,ENS01378,ENC00216,ENH00633
413,413,ENS01379,ENC00048,ENH00636
414,414,ENS01380,ENC00231,ENH00636
415,415,ENS01381,ENC00037,ENH00636
416,416,ENS01382,ENC00308,ENH00637
417,417,ENS01383,ENC00018,ENH00637
418,418,ENS01384,ENC00130,ENH00637
419,419,ENS01385,ENC00144,ENH00637
420,420,ENS01387,ENC00250,ENH00637
421,421,ENS01389,empty0,empty0
422,422,ENS01390,ENC00307,ENH00638
423,423,ENS01391,ENC00306,ENH00638
424,424,ENS01392,ENC00315,ENH00638
425,425,ENS01393,ENC00115,ENH00638
426,426,ENS01394,ENC00020,ENH00639
427,427,ENS01395,ENC00241,ENH00640
428,428,ENS01396,ENC00125,ENH00640
429,429,ENS01398,ENC00382,ENH00642
430,430,ENS01400,ENC00389,ENH00643
431,431,ENS01401,ENC00241,ENH00643
432,432,ENS01402,ENC00144,ENH00643
433,433,ENS01403,ENC00293,ENH00643
434,434,ENS01404,ENC00115,ENH00644
435,435,ENS01406,ENC00063,ENH00644
436,436,ENS01407,ENC00022,ENH00644
437,437,ENS01408,ENC00184,ENH00186
438,438,ENS01409,ENC00221,ENH00186
439,439,ENS01410,ENC00127,ENH00186
440,440,ENS01411,ENC00119,ENH00529
441,441,ENS01412,ENC00140,ENH00529
442,442,ENS01413,ENC00419,ENH00529
443,443,ENS01414,ENC00144,ENH00529
444,444,ENS01416,ENC00262,ENH00655
445,445,ENS01417,ENC00228,ENH00259
446,446,ENS01418,empty0,empty0
447,447,ENS01419,ENC00055,ENH00625
448,448,ENS01420,ENC00281,ENH00625
449,449,ENS01421,ENC00020,ENH00099
450,450,ENS01422,ENC00273,ENH00271
451,451,ENS01423,ENC00273,ENH00649
452,452,ENS01424,ENC00273,ENH00165
453,453,ENS01425,ENC00423,ENH00200
454,454,ENS01426,ENC00217,ENH00650
455,455,ENS01427,ENC00273,ENH00261
456,456,ENS01428,ENC00273,ENH00235
457,457,ENS01429,ENC00424,ENH00256
458,458,ENS01430,ENC00424,ENH00235
459,459,ENS01431,ENC00424,ENH00212
460,460,ENS01432,ENC00424,ENH00454
461,461,ENS01433,ENC00005,ENH00658
462,462,ENS01434,ENC00145,ENH00617
463,463,ENS01435,ENC00104,ENH00617
464,464,ENS01436,ENC00088,ENH00228
465,465,ENS01438,ENC00361,ENH00228
466,466,ENS01439,ENC00020,ENH00145
467,467,ENS01440,ENC00145,ENH00145
468,468,ENS01442,ENC00356,ENH00473
469,469,ENS01445,ENC00244,ENH00660
470,470,ENS01446,ENC00127,ENH00660
471,471,ENS01447,ENC00184,ENH00660
472,472,ENS01448,ENC00074,ENH00660
473,473,ENS01449,ENC00132,ENH00660
474,474,ENS01450,ENC00375,ENH00661
475,475,ENS01451,ENC00222,ENH00661
476,476,ENS01452,ENC00210,ENH00661
477,477,ENS01453,ENC00435,ENH00661
478,478,ENS01454,ENC00125,ENH00664
479,479,ENS01455,ENC00435,ENH00664
480,480,ENS01456,ENC00076,ENH00664
481,481,ENS01457,ENC00210,ENH00664
482,482,ENS01459,ENC00212,ENH00664
483,483,ENS01460,ENC00222,ENH00664
484,484,ENS01461,ENC00284,ENH00665
485,485,ENS01462,ENC00020,ENH00665
486,486,ENS01463,ENC00144,ENH00665
487,487,ENS01464,ENC00097,ENH00665
488,488,ENS01465,ENC00040,ENH00665
489,489,ENS01467,ENC00112,ENH00665
490,490,ENS01469,ENC00127,ENH00665
491,491,ENS01470,ENC00132,ENH00665
492,492,ENS01471,ENC00140,ENH00665
493,493,ENS01472,ENC00014,ENH00663
494,494,ENS01473,ENC00130,ENH00663
495,495,ENS01474,ENC00389,ENH00663
496,496,ENS01475,empty0,empty0
497,497,ENS01476,ENC00127,ENH00663
498,498,ENS01477,ENC00437,ENH00666
499,499,ENS01478,ENC00140,ENH00666
500,500,ENS01479,ENC00055,ENH00663
501,501,ENS01480,ENC00424,ENH00276
502,502,ENS01481,ENC00424,ENH00282
503,503,ENS01482,ENC00424,ENH00583
504,504,ENS01483,ENC00426,ENH00200
505,505,ENS01484,ENC00115,ENH00660
506,506,ENS01485,ENC00115,ENH00665
507,507,ENS01486,ENC00013,ENH00476
508,508,ENS01487,ENC00013,ENH00363
509,509,ENS01488,ENC00429,ENH00271
510,510,ENS01489,ENC00429,ENH00287
511,511,ENS01490,ENC00429,ENH00476
512,512,ENS01491,ENC00429,ENH00212
513,513,ENS01492,ENC00048,ENH00669
514,514,ENS01493,ENC00112,ENH00669
515,515,ENS01494,ENC00122,ENH00669
516,516,ENS01495,ENC00074,ENH00669
517,517,ENS01496,ENC00130,ENH00669
518,518,ENS01497,ENC00063,ENH00669
519,519,ENS01499,ENC00247,ENH00669
520,520,ENS01500,ENC00228,ENH00669
521,521,ENS01501,ENC00222,ENH00669
522,522,ENS01502,ENC00233,ENH00669
523,523,ENS01503,ENC00429,ENH00654
524,524,ENS01504,ENC00429,ENH00670
525,525,ENS01505,ENC00246,ENH00671
526,526,ENS01506,ENC00437,ENH00671
527,527,ENS01507,ENC00074,ENH00671
528,528,ENS01508,ENC00037,ENH00671
529,529,ENS01509,ENC00144,ENH00671
530,530,ENS01511,ENC00365,ENH00671
531,531,ENS01512,ENC00102,ENH00671
532,532,ENS01513,ENC00076,ENH00671
533,533,ENS01514,ENC00115,ENH00671
534,534,ENS01515,ENC00244,ENH00671
535,535,ENS01516,ENC00315,ENH00673
536,536,ENS01517,ENC00074,ENH00673
537,537,ENS01519,ENC00144,ENH00227
538,538,ENS01521,ENC00144,ENH00305
539,539,ENS01522,ENC00018,ENH00681
540,540,ENS01523,ENC00130,ENH00681
541,541,ENS01524,ENC00144,ENH00681
542,542,ENS01525,ENC00005,ENH00681
543,543,ENS01526,ENC00020,ENH00605
544,544,ENS01528,ENC00020,ENH00684
545,545,ENS01529,ENC00361,ENH00684
546,546,ENS01530,ENC00020,ENH00603
547,547,ENS01531,ENC00365,ENH00619
548,548,ENS01532,empty0,empty0
549,549,ENS01535,ENC00041,ENH00602
550,550,ENS01536,ENC00041,ENH00601
551,551,ENS01537,ENC00132,ENH00601
552,552,ENS01538,ENC00132,ENH00602
553,553,ENS01539,ENC00361,ENH00601
554,554,ENS01540,ENC00361,ENH00602
555,555,ENS01541,ENC00444,ENH00134
556,556,ENS01542,ENC00189,ENH00686
557,557,ENS01543,ENC00445,ENH00686
558,558,ENS01544,ENC00231,ENH00691
559,559,ENS01545,ENC00053,ENH00671
560,560,ENS01546,ENC00053,ENH00167
561,561,ENS01547,ENC00053,ENH00168
562,562,ENS01548,ENC00210,ENH00019
563,563,ENS01549,ENC00112,ENH00694
564,564,ENS01550,ENC00140,ENH00694
565,565,ENS01551,ENC00097,ENH00694
566,566,ENS01552,ENC00365,ENH00694
567,567,ENS01554,ENC00247,ENH00701
568,568,ENS01555,ENC00283,ENH00702
569,569,ENS01560,ENC00244,ENH00707
570,570,ENS01561,ENC00210,ENH00064
571,571,ENS01562,ENC00210,ENH00118
572,572,ENS01563,ENC00210,ENH00156
573,573,ENS01564,ENC00216,ENH00263
574,574,ENS01565,ENC00247,ENH00329
575,575,ENS01566,ENC00228,ENH00200
576,576,ENS01567,ENC00228,ENH00218
577,577,ENS01568,ENC00216,ENH00165
578,578,ENS01569,ENC00247,ENH00165
579,579,ENS01570,ENC00228,ENH00165
580,580,ENS01571,ENC00228,ENH00261
581,581,ENS01572,ENC00228,ENH00263
582,582,ENS01573,ENC00228,ENH00697
583,583,ENS01574,ENC00228,ENH00276
584,584,ENS01575,ENC00228,ENH00329
585,585,ENS01576,ENC00216,ENH00261
586,586,ENS01577,ENC00216,ENH00329
587,587,ENS01578,ENC00216,ENH00697
588,588,ENS01579,ENC00216,ENH00276
589,589,ENS01580,ENC00228,ENH00237
590,590,ENS01581,ENC00216,ENH00237
591,591,ENS01582,ENC00247,ENH00237
592,592,ENS01583,ENC00216,ENH00189
593,593,ENS01584,ENC00228,ENH00189
594,594,ENS01585,ENC00219,ENH00650
595,595,ENS01586,ENC00251,ENH00650
596,596,ENS01587,ENC00247,ENH00650
597,597,ENS01588,ENC00078,ENH00650
598,598,ENS01590,ENC00216,ENH00650
599,599,ENS01591,ENC00449,ENH00650
600,600,ENS01592,ENC00217,ENH00235
601,601,ENS01593,ENC00217,ENH00218
602,602,ENS01594,ENC00217,ENH00200
603,603,ENS01595,ENC00217,ENH00382
604,604,ENS01596,ENC00426,ENH00265
605,605,ENS01597,ENC00426,ENH00327
606,606,ENS01598,ENC00288,ENH00265
607,607,ENS01599,ENC00420,ENH00252
608,608,ENS01600,ENC00420,ENH00327
609,609,ENS01601,ENC00074,ENH00253
610,610,ENS01602,ENC00074,ENH00218
611,611,ENS01603,ENC00074,ENH00265
612,612,ENS01604,ENC00074,ENH00231
613,613,ENS01605,ENC00244,ENH00317
614,614,ENS01606,ENC00450,ENH00317
615,615,ENS01607,ENC00450,ENH00708
616,616,ENS01608,ENC00184,ENH00708
617,617,ENS01609,ENC00234,ENH00708
618,618,ENS01610,ENC00040,ENH00708
619,619,ENS01611,ENC00127,ENH00708
620,620,ENS01612,ENC00344,ENH00708
621,621,ENS01613,ENC00450,ENH00165
622,622,ENS01614,ENC00450,ENH00235
623,623,ENS01615,ENC00450,ENH00271
624,624,ENS01616,ENC00452,ENH00362
625,625,ENS01617,ENC00451,ENH00362
626,626,ENS01618,ENC00454,ENH00165
627,627,ENS01619,ENC00454,ENH00235
628,628,ENS01620,ENC00244,ENH00338
629,629,ENS01621,ENC00244,ENH00200
630,630,ENS01622,ENC00231,ENH00235
631,631,ENS01623,ENC00438,ENH00235
632,632,ENS01624,ENC00217,ENH00711
633,633,ENS01625,ENC00217,ENH00712
634,634,ENS01626,ENC00217,ENH00718
635,635,ENS01627,ENC00217,ENH00717
636,636,ENS01628,ENC00217,ENH00716
637,637,ENS01629,ENC00217,ENH00577
638,638,ENS01630,ENC00248,ENH00363
639,639,ENS01631,ENC00455,ENH00721
640,640,ENS01632,ENC00455,ENH00722
641,641,ENS01633,ENC00140,ENH00723
642,642,ENS01634,ENC00140,ENH00724
643,643,ENS01636,ENC00222,ENH00709
644,644,ENS01637,ENC00244,ENH00709
645,645,ENS01638,ENC00244,ENH00713
646,646,ENS01639,ENC00450,ENH00713
647,647,ENS01640,ENC00063,ENH00713
648,648,ENS01641,ENC00102,ENH00713
649,649,ENS01642,ENC00245,ENH00713
650,650,ENS01643,ENC00315,ENH00713
651,651,ENS01644,ENC00112,ENH00713
652,652,ENS01645,ENC00115,ENH00713
653,653,ENS01646,ENC00140,ENH00713
654,654,ENS01647,ENC00144,ENH00713
655,655,ENS01648,ENC00127,ENH00713
656,656,ENS01649,ENC00364,ENH00235
657,657,ENS01650,ENC00364,ENH00279
658,658,ENS01651,ENC00364,ENH00282
659,659,ENS01652,ENC00364,ENH00286
660,660,ENS01653,ENC00364,ENH00165
661,661,ENS01654,ENC00364,ENH00244
662,662,ENS01655,ENC00364,ENH00266
663,663,ENS01656,ENC00364,ENH00231
664,664,ENS01657,ENC00450,ENH00277
665,665,ENS01658,ENC00450,ENH00279
666,666,ENS01659,ENC00450,ENH00282
667,667,ENS01660,ENC00450,ENH00286
668,668,ENS01661,ENC00450,ENH00244
669,669,ENS01662,ENC00450,ENH00266
670,670,ENS01663,ENC00450,ENH00231
671,671,ENS01664,ENC00450,ENH00396
672,672,ENS01665,ENC00450,ENH00397
673,673,ENS01666,ENC00450,ENH00395
674,674,ENS01667,ENC00379,ENH00165
675,675,ENS01668,ENC00379,ENH00221
676,676,ENS01669,ENC00379,ENH00266
677,677,ENS01670,ENC00379,ENH00287
678,678,ENS01671,ENC00247,ENH00338
679,679,ENS01672,ENC00247,ENH00259
680,680,ENS01673,ENC00228,ENH00727
681,681,ENS01674,ENC00222,ENH00727
682,682,ENS01675,ENC00288,ENH00325
683,683,ENS01676,ENC00420,ENH00237
684,684,ENS01677,ENC00216,ENH00259
685,685,ENS01678,ENC00233,ENH00255
686,686,ENS01679,ENC00233,ENH00164
687,687,ENS01680,ENC00233,ENH00637
688,688,ENS01681,ENC00457,ENH00612
689,689,ENS01682,ENC00013,ENH00650
690,690,ENS01683,ENC00287,ENH00568
691,691,ENS01684,ENC00287,ENH00581
692,692,ENS01685,ENC00287,ENH00583
693,693,ENS01686,ENC00287,ENH00255
694,694,ENS01687,ENC00287,ENH00584
695,695,ENS01688,ENC00287,ENH00311
696,696,ENS01689,ENC00287,ENH00707
697,697,ENS01690,ENC00287,ENH00291
698,698,ENS01691,ENC00287,ENH00348
699,699,ENS01692,ENC00287,ENH00349
700,700,ENS01693,ENC00287,ENH00669
701,701,ENS01694,ENC00287,ENH00409
702,702,ENS01695,ENC00287,ENH00454
703,703,ENS01696,ENC00287,ENH00244
704,704,ENS01697,ENC00288,ENH00252
705,705,ENS01698,ENC00289,ENH00349
706,706,ENS01699,ENC00233,ENH00730
707,707,ENS01700,ENC00219,ENH00326
708,708,ENS01701,ENC00233,ENH00165
709,709,ENS01702,ENC00287,ENH00235
710,710,ENS01703,ENC00093,ENH00273
711,711,ENS01704,ENC00222,ENH00273
712,712,ENS01705,ENC00007,ENH00273
713,713,ENS01706,ENC00233,ENH00739
714,714,ENS01707,ENC00241,ENH00739
715,715,ENS01708,ENC00216,ENH00739
716,716,ENS01709,ENC00287,ENH00739
717,717,ENS01710,ENC00350,ENH00741
718,718,ENS01711,ENC00125,ENH00741
719,719,ENS01712,ENC00244,ENH00741
720,720,ENS01713,ENC00222,ENH00741
721,721,ENS01714,ENC00014,ENH00742
722,722,ENS01715,ENC00144,ENH00752
723,723,ENS01717,ENC00231,ENH00764
724,724,ENS01718,ENC00247,ENH00764
725,725,ENS01719,ENC00380,ENH00764
726,726,ENS01720,ENC00295,ENH00764
727,727,ENS01721,ENC00112,ENH00764
728,728,ENS01722,ENC00468,ENH00763
729,729,ENS01723,ENC00048,ENH00763
730,730,ENS01724,ENC00078,ENH00762
731,731,ENS01725,ENC00112,ENH00750
732,732,ENS01727,ENC00200,ENH00219
733,733,ENS01728,ENC00200,ENH00768
734,734,ENS01729,ENC00249,ENH00306
735,735,ENS01730,ENC00249,ENH00286
736,736,ENS01731,ENC00112,ENH00790
737,737,ENS01732,ENC00343,ENH00790
738,738,ENS01733,ENC00471,ENH00790
739,739,ENS01734,ENC00249,ENH00307
740,740,ENS01735,ENC00249,ENH00031
741,741,ENS01736,ENC00005,ENH00807
742,742,ENS01737,ENC00004,ENH00808
743,743,ENS01738,ENC00004,ENH00807
744,744,ENS01739,ENC00249,ENH00808
745,745,ENS01740,ENC00247,ENH00808
746,746,ENS01741,ENC00004,ENH00809
747,747,ENS01742,ENC00005,ENH00809
748,748,ENS01743,ENC00249,ENH00812
749,749,ENS01744,ENC00284,ENH00556
750,750,ENS01745,ENC00472,ENH00556
751,751,ENS01746,ENC00093,ENH00512
752,752,ENS01747,ENC00326,ENH00815
753,753,ENS01748,ENC00125,ENH00469
754,754,ENS01749,ENC00244,ENH00469
755,755,ENS01752,ENC00063,ENH00519
756,756,ENS01753,ENC00020,ENH00519
757,757,ENS01754,ENC00122,ENH00520
758,758,ENS01755,ENC00259,ENH00520
759,759,ENS01756,ENC00425,ENH00520
760,760,ENS01757,ENC00088,ENH00520
761,761,ENS01758,ENC00112,ENH00520
762,762,ENS01759,ENC00020,ENH00520
763,763,ENS01760,ENC00473,ENH00521
764,764,ENS01761,ENC00244,ENH00522
765,765,ENS01762,ENC00474,ENH00524
766,766,ENS01763,ENC00125,ENH00525
767,767,ENS01764,ENC00244,ENH00525
768,768,ENS01765,ENC00020,ENH00527
769,769,ENS01766,ENC00088,ENH00527
770,770,ENS01767,ENC00244,ENH00527
771,771,ENS01768,ENC00475,ENH00519
772,772,ENS01769,ENC00476,ENH00524
773,773,ENS01770,ENC00419,ENH00520
774,774,ENS01771,ENC00249,ENH00417
775,775,ENS01772,ENC00249,ENH00545
776,776,ENS01773,ENC00249,ENH00550
777,777,ENS01774,ENC00249,ENH00553
778,778,ENS01775,ENC00249,ENH00554
779,779,ENS01776,ENC00249,ENH00546
780,780,ENS01777,ENC00249,ENH00548
781,781,ENS01778,ENC00284,ENH00822
782,782,ENS01779,ENC00112,ENH00848
783,783,ENS01780,ENC00112,ENH00849
784,784,ENS01781,ENC00477,ENH00841
785,785,ENS01782,ENC00477,ENH00843
786,786,ENS01783,ENC00424,ENH00237
787,787,ENS01784,ENC00249,ENH00245
788,788,ENS01785,ENC00426,ENH00218
789,789,ENS01786,ENC00246,ENH00840
790,790,ENS01787,ENC00074,ENH00840
791,791,ENS01788,ENC00020,ENH00840
792,792,ENS01789,ENC00048,ENH00840
793,793,ENS01790,ENC00249,ENH00304
794,794,ENS01791,ENC00249,ENH00231
795,795,ENS01792,ENC00249,ENH00761
796,796,ENS01793,ENC00249,ENH00759
797,797,ENS01794,ENC00424,ENH00192
798,798,ENS01795,empty0,empty0
799,799,ENS01796,ENC00424,ENH00191
800,800,ENS01797,ENC00424,ENH00193
801,801,ENS01798,ENC00424,ENH00195
802,802,ENS01799,ENC00249,ENH00191
803,803,ENS01800,ENC00249,ENH00192
804,804,ENS01801,ENC00249,ENH00193
805,805,ENS01802,ENC00249,ENH00859
806,806,ENS01803,ENC00273,ENH00273
807,807,ENS01804,ENC00292,ENH00265
808,808,ENS01805,ENC00249,ENH00547
809,809,ENS01807,ENC00122,ENH00862
810,810,ENS01808,ENC00357,ENH00867
811,811,ENS01810,ENC00357,ENH00862
812,812,ENS01811,ENC00020,ENH00862
813,813,ENS01812,ENC00473,ENH00864
814,814,ENS01813,ENC00424,ENH00097
815,815,ENS01814,ENC00424,ENH00082
816,816,ENS01815,ENC00424,ENH00612
817,817,ENS01816,ENC00249,ENH00082
818,818,ENS01817,ENC00249,ENH00612
819,819,ENS01818,ENC00429,ENH00440
820,820,ENS01819,ENC00379,ENH00338
821,821,ENS01820,ENC00424,ENH00576
822,822,ENS01821,ENC00424,ENH00338
823,823,ENS01822,ENC00222,ENH00869
824,824,ENS01823,ENC00207,ENH00868
825,825,ENS01824,ENC00125,ENH00868
826,826,ENS01825,ENC00307,ENH00868
827,827,ENS01826,ENC00112,ENH00868
828,828,ENS01827,ENC00048,ENH00868
829,829,ENS01828,ENC00480,ENH00868
830,830,ENS01829,ENC00125,ENH00869
831,831,ENS01830,ENC00481,ENH00869
832,832,ENS01831,ENC00307,ENH00869
833,833,ENS01832,ENC00482,ENH00868
834,834,ENS01833,ENC00127,ENH00868
835,835,ENS01834,ENC00097,ENH00868
836,836,ENS01835,ENC00115,ENH00868
837,837,ENS01836,ENC00140,ENH00868
838,838,ENS01837,ENC00122,ENH00868
839,839,ENS01838,ENC00102,ENH00868
840,840,ENS01839,ENC00063,ENH00868
841,841,ENS01840,ENC00074,ENH00868
842,842,ENS01842,ENC00482,ENH00869
843,843,ENS01843,ENC00063,ENH00871
844,844,ENS01846,ENC00459,ENH00208
845,845,ENS01847,ENC00484,ENH00875
846,846,ENS01848,ENC00280,ENH00875
847,847,ENS01849,ENC00485,ENH00208
848,848,ENS01850,ENC00364,ENH00208
849,849,ENS01851,ENC00284,ENH00875
850,850,ENS01852,ENC00048,ENH00882
851,851,ENS01853,ENC00122,ENH00882
852,852,ENS01854,ENC00063,ENH00882
853,853,ENS01856,ENC00020,ENH00882
854,854,ENS01857,ENC00365,ENH00882
855,855,ENS01858,ENC00459,ENH00235
856,856,ENS01859,ENC00284,ENH00878
857,857,ENS01860,ENC00262,ENH00878
858,858,ENS01861,ENC00050,ENH00878
859,859,ENS01862,ENC00408,ENH00878
860,860,ENS01863,ENC00487,ENH00878
861,861,ENS01864,ENC00488,ENH00878
862,862,ENS01865,ENC00411,ENH00878
863,863,ENS01866,ENC00484,ENH00878
864,864,ENS01867,ENC00102,ENH00442
865,865,ENS01868,ENC00253,ENH00440
866,866,ENS01869,ENC00310,ENH00364
867,867,ENS01870,ENC00310,ENH00689
868,868,ENS01871,ENC00283,ENH00364
869,869,ENS01872,ENC00283,ENH00689
870,870,ENS01873,ENC00283,ENH00222
871,871,ENS01874,ENC00283,ENH00297
872,872,ENS01875,ENC00283,ENH00213
873,873,ENS01876,ENC00283,ENH00258
874,874,ENS01877,ENC00250,ENH00821
875,875,ENS01878,ENC00093,ENH00821
876,876,ENS01879,ENC00326,ENH00821
877,877,ENS01880,ENC00250,ENH00518
878,878,ENS01881,ENC00097,ENH00889
879,879,ENS01883,ENC00144,ENH00889
880,880,ENS01884,ENC00048,ENH00889
881,881,ENS01885,ENC00122,ENH00889
882,882,ENS01887,ENC00074,ENH00889
883,883,ENS01888,ENC00020,ENH00892
884,884,ENS01889,ENC00115,ENH00892
885,885,ENS01890,ENC00287,ENH00310
886,886,ENS01891,ENC00292,ENH00310
887,887,ENS01892,ENC00306,ENH00310
888,888,ENS01893,ENC00306,ENH00895
889,889,ENS01894,ENC00005,ENH00896
890,890,ENS01895,ENC00222,ENH00900
891,891,ENS01896,ENC00140,ENH00903
892,892,ENS01897,ENC00112,ENH00906
893,893,ENS01898,ENC00115,ENH00906
894,894,ENS01899,ENC00097,ENH00905
895,895,ENS01900,ENC00112,ENH00905
896,896,ENS01901,ENC00115,ENH00905
897,897,ENS01902,ENC00489,ENH00905
898,898,ENS01903,ENC00426,ENH00100
899,899,ENS01904,ENC00247,ENH00100
900,900,ENS01905,ENC00247,ENH00896
901,901,ENS01906,ENC00112,ENH00916
902,902,ENS01907,ENC00343,ENH00916
903,903,ENS01908,ENC00063,ENH00067
904,904,ENS01909,ENC00184,ENH00067
905,905,ENS01910,ENC00263,ENH00067
906,906,ENS01911,ENC00231,ENH00067
907,907,ENS01912,ENC00244,ENH00067
908,908,ENS01913,ENC00452,ENH00067
909,909,ENS01914,ENC00451,ENH00067
910,910,ENS01915,ENC00093,ENH00067
911,911,ENS01916,ENC00222,ENH00067
912,912,ENS01917,ENC00207,ENH00067
913,913,ENS01918,ENC00128,ENH00067
914,914,ENS01919,ENC00035,ENH00067
915,915,ENS01920,ENC00490,ENH00067
916,916,ENS01921,ENC00491,ENH00067
917,917,ENS01923,ENC00284,ENH00068
918,918,ENS01924,ENC00360,ENH00068
919,919,ENS01925,ENC00343,ENH00068
920,920,ENS01927,ENC00183,ENH00072
921,921,ENS01928,ENC00439,ENH00072
922,922,ENS01929,ENC00207,ENH00072
923,923,ENS01930,ENC00284,ENH00072
924,924,ENS01931,ENC00280,ENH00072
925,925,ENS01932,ENC00360,ENH00072
926,926,ENS01933,ENC00037,ENH00072
927,927,ENS01934,ENC00231,ENH00072
928,928,ENS01935,ENC00283,ENH00072
929,929,ENS01936,ENC00076,ENH00072
930,930,ENS01937,ENC00128,ENH00072
931,931,ENS01938,ENC00287,ENH00072
932,932,ENS01939,ENC00439,ENH00073
933,933,ENS01940,ENC00004,ENH00073
934,934,ENS01941,ENC00152,ENH00073
935,935,ENS01942,ENC00284,ENH00073
936,936,ENS01943,ENC00318,ENH00073
937,937,ENS01944,ENC00287,ENH00073
938,938,ENS01945,ENC00150,ENH00073
939,939,ENS01946,ENC00262,ENH00073
940,940,ENS01947,ENC00323,ENH00073
941,941,ENS01948,ENC00283,ENH00073
942,942,ENS01949,ENC00222,ENH00073
943,943,ENS01950,ENC00493,ENH00073
944,944,ENS01951,ENC00216,ENH00073
945,945,ENS01952,ENC00076,ENH00073
946,946,ENS01953,ENC00082,ENH00073
947,947,ENS01955,ENC00192,ENH00073
948,948,ENS01956,ENC00115,ENH00073
949,949,ENS01958,ENC00125,ENH00073
950,950,ENS01959,ENC00283,ENH00073
951,951,ENS01960,ENC00499,ENH00073
952,952,ENS01962,ENC00498,ENH00073
953,953,ENS01963,ENC00119,ENH00074
954,954,ENS01964,ENC00018,ENH00915
955,955,ENS01966,ENC00184,ENH00915
956,956,ENS01967,ENC00048,ENH00915
957,957,ENS01968,ENC00063,ENH00915
958,958,ENS01969,ENC00097,ENH00915
959,959,ENS01970,ENC00112,ENH00915
960,960,ENS01971,ENC00115,ENH00915
961,961,ENS01972,ENC00130,ENH00915
962,962,ENS01973,ENC00144,ENH00915
963,963,ENS01974,ENC00246,ENH00915
964,964,ENS01975,ENC00500,ENH00128
965,965,ENS01976,ENC00174,ENH00084
966,966,ENS01977,ENC00180,ENH00064
967,967,ENS01978,ENC00180,ENH00126
968,968,ENS01979,ENC00180,ENH00128
969,969,ENS01980,ENC00180,ENH00063
970,970,ENS01981,ENC00179,ENH00076
971,971,ENS01982,ENC00179,ENH00064
972,972,ENS01983,ENC00062,ENH00242
973,973,ENS01984,ENC00201,ENH00914
974,974,ENS01985,ENC00041,ENH00076
975,975,ENS01987,ENC00198,ENH00919
976,976,ENS01988,ENC00198,ENH00920
977,977,ENS01989,ENC00027,ENH00063
978,978,ENS01990,ENC00360,ENH00063
979,979,ENS01991,ENC00170,ENH00921
980,980,ENS01992,ENC00102,ENH00922
981,981,ENS01993,ENC00365,ENH00124
982,982,ENS01994,ENC00508,ENH00752
983,983,ENS01996,ENC00231,ENH00928
984,984,ENS01997,ENC00150,ENH00928
985,985,ENS01998,ENC00518,ENH00928
986,986,ENS01999,ENC00130,ENH00930
987,987,ENS02000,ENC00306,ENH00930
988,988,ENS02001,ENC00144,ENH00930
989,989,ENS02002,ENC00018,ENH00930
990,990,ENS02003,ENC00233,ENH00930
991,991,ENS02004,ENC00287,ENH00930
992,992,ENS02005,ENC00216,ENH00930
993,993,ENS02006,ENC00418,ENH00930
994,994,ENS02007,ENC00287,ENH00929
995,995,ENS02008,ENC00013,ENH00931
996,996,ENS02009,ENC00276,ENH00931
997,997,ENS02010,ENC00233,ENH00931
998,998,ENS02011,ENC00287,ENH00931
999,999,ENS02012,ENC00074,ENH00933
1000,1000,ENS02013,ENC00234,ENH00933
1001,1001,ENS02014,ENC00248,ENH00933
1002,1002,ENS02016,ENC00231,ENH00931
1003,1003,ENS02017,ENC00276,ENH00933
1004,1004,ENS02018,ENC00217,ENH00933
1005,1005,ENS02019,empty0,empty0
1006,1006,ENS02020,ENC00474,ENH00937
1007,1007,ENS02021,ENC00241,ENH00937
1008,1008,ENS02022,ENC00247,ENH00937
1009,1009,ENS02023,ENC00217,ENH00937
1010,1010,ENS02024,ENC00014,ENH00938
1011,1011,ENS02025,ENC00247,ENH00938
1012,1012,ENS02026,ENC00217,ENH00938
1013,1013,ENS02027,ENC00207,ENH00938
1014,1014,ENS02028,ENC00150,ENH00938
1015,1015,ENS02029,ENC00018,ENH00938
1016,1016,ENS02030,ENC00048,ENH00938
1017,1017,ENS02031,ENC00248,ENH00938
1018,1018,ENS02032,ENC00216,ENH00938
1019,1019,ENS02033,ENC00518,ENH00938
1020,1020,ENS02034,ENC00305,ENH00938
1021,1021,ENS02035,ENC00074,ENH00938
1022,1022,ENS02036,ENC00231,ENH00934
1023,1023,ENS02037,ENC00263,ENH00287
1024,1024,ENS02038,ENC00350,ENH00287
1025,1025,ENS02039,ENC00207,ENH00287
1026,1026,ENS02041,ENC00518,ENH00287
1027,1027,ENS02042,ENC00020,ENH00287
1028,1028,ENS02044,ENC00489,ENH00287
1029,1029,ENS02045,ENC00037,ENH00287
1030,1030,ENS02046,ENC00128,ENH00287
1031,1031,ENS02047,ENC00345,ENH00287
1032,1032,ENS02048,ENC00074,ENH00287
1033,1033,ENS02049,ENC00379,ENH00287
1034,1034,ENS02050,ENC00482,ENH00287
1035,1035,ENS02051,ENC00164,ENH00287
1036,1036,ENS02052,ENC00380,ENH00287
1037,1037,ENS02053,ENC00125,ENH00287
1038,1038,ENS02054,ENC00441,ENH00287
1039,1039,ENS02055,ENC00412,ENH00287
1040,1040,ENS02056,ENC00241,ENH00287
1041,1041,ENS02057,ENC00231,ENH00765
1042,1042,ENS02058,ENC00150,ENH00934
1043,1043,ENS02059,ENC00412,ENH00934
1044,1044,ENS02060,ENC00365,ENH00922
1045,1045,ENS02061,ENC00027,ENH00922
1046,1046,ENS02062,ENC00200,ENH00922
1047,1047,ENS02063,ENC00132,ENH00922
1048,1048,ENS02067,ENC00533,ENH00290
1049,1049,ENS02068,ENC00247,ENH00939
1050,1050,ENS02069,ENC00112,ENH00939
1051,1051,ENS02071,ENC00283,ENH00939
1052,1052,ENS02072,ENC00222,ENH00939
1053,1053,ENS02073,ENC00200,ENH00939
1054,1054,ENS02075,ENC00041,ENH00939
1055,1055,ENS02076,ENC00059,ENH00939
1056,1056,ENS02077,ENC00083,ENH00939
1057,1057,ENS02078,ENC00117,ENH00939
1058,1058,ENS02079,ENC00255,ENH00939
1059,1059,ENS02080,ENC00180,ENH00465
1060,1060,ENS02082,ENC00385,ENH00467
1061,1061,ENS02083,ENC00385,ENH00466
1062,1062,ENS02084,ENC00420,ENH00327
1063,1063,ENS02085,ENC00420,ENH00253
1064,1064,ENS02086,ENC00247,ENH00165
1065,1065,ENS02087,ENC00247,ENH00235
1066,1066,ENS02088,ENC00247,ENH00237
1067,1067,ENS02089,ENC00233,ENH00248
1068,1068,ENS02090,ENC00233,ENH00260
1069,1069,ENS02091,ENC00233,ENH00189
1070,1070,ENS02092,ENC00231,ENH00218
1071,1071,ENS02093,ENC00233,ENH00165
1072,1072,ENS02094,ENC00233,ENH00237
1073,1073,ENS02095,ENC00233,ENH00200
1074,1074,ENS02096,ENC00287,ENH00952
1075,1075,ENS02097,ENC00465,ENH00953
1076,1076,ENS02098,ENC00469,ENH00922
1077,1077,ENS02099,ENC00004,ENH00203
1078,1078,ENS02100,ENC00112,ENH00958
1079,1079,ENS02101,ENC00283,ENH00958
1080,1080,ENS02102,ENC00380,ENH00958
1081,1081,ENS02103,ENC00004,ENH00201
1082,1082,ENS02104,ENC00005,ENH00201
1083,1083,ENS02105,ENC00004,ENH00285
1084,1084,ENS02106,ENC00542,ENH00231
1085,1085,ENS02107,ENC00231,ENH00961
1086,1086,ENS02108,ENC00247,ENH00963
1087,1087,ENS02109,ENC00216,ENH00963
1088,1088,ENS02110,ENC00460,ENH00963
1089,1089,ENS02111,ENC00217,ENH00963
1090,1090,ENS02112,ENC00228,ENH00952
1091,1091,ENS02113,ENC00257,ENH00966
1092,1092,ENS02114,ENC00262,ENH00974
1093,1093,ENS02115,ENC00360,ENH00975
1094,1094,ENS02116,ENC00540,ENH00975
1095,1095,ENS02117,ENC00020,ENH00976
1096,1096,ENS02118,ENC00360,ENH00976
1097,1097,ENS02119,ENC00357,ENH00977
1098,1098,ENS02120,ENC00009,ENH00977
1099,1099,ENS02121,ENC00027,ENH00976
1100,1100,ENS02122,ENC00350,ENH00977
1101,1101,ENS02123,ENC00474,ENH00977
1102,1102,ENS02124,ENC00278,ENH00977
1103,1103,ENS02125,empty0,empty0
1104,1104,ENS02126,ENC00350,ENH00978
1105,1105,ENS02127,ENC00474,ENH00978
1106,1106,ENS02128,ENC00278,ENH00978
1107,1107,ENS02129,ENC00357,ENH00978
1108,1108,ENS02130,ENC00150,ENH00978
1109,1109,ENS02131,ENC00020,ENH00979
1110,1110,ENS02132,ENC00140,ENH00979
1111,1111,ENS02133,ENC00145,ENH00979
1112,1112,ENS02134,ENC00263,ENH00980
1113,1113,ENS02135,ENC00063,ENH00980
1114,1114,ENS02136,ENC00112,ENH00980
1115,1115,ENS02137,ENC00020,ENH00980
1116,1116,ENS02138,ENC00048,ENH00980
1117,1117,ENS02139,ENC00074,ENH00980
1118,1118,ENS02140,ENC00122,ENH00980
1119,1119,ENS02141,ENC00152,ENH00980
1120,1120,ENS02142,ENC00412,ENH00980
1121,1121,ENS02143,ENC00519,ENH00980
1122,1122,ENS02144,ENC00441,ENH00980
1123,1123,ENS02145,ENC00280,ENH00977
1124,1124,ENS02146,ENC00280,ENH00978
1125,1125,ENS02147,ENC00164,ENH00978
1126,1126,ENS02148,ENC00164,ENH00977
1127,1127,ENS02149,ENC00013,ENH00337
1128,1128,ENS02150,ENC00216,ENH00337
1129,1129,ENS02151,ENC00207,ENH00062
1130,1130,ENS02152,ENC00207,ENH01007
1131,1131,ENS02153,ENC00231,ENH01007
1132,1132,ENS02154,ENC00231,ENH00062
1133,1133,ENS02155,ENC00231,ENH00346
1134,1134,ENS02156,ENC00140,ENH00007
1135,1135,ENS02157,ENC00097,ENH00065
1136,1136,ENS02158,ENC00140,ENH00065
1137,1137,ENS02159,ENC00249,ENH00657
1138,1138,ENS02160,ENC00547,ENH00657
1139,1139,ENS02161,ENC00255,ENH00657
1140,1140,ENS02162,ENC00254,ENH00657
1141,1141,ENS02163,ENC00216,ENH00657
1142,1142,ENS02164,ENC00265,ENH00246
1143,1143,ENS02165,ENC00284,ENH01051
1144,1144,ENS02166,ENC00549,ENH00971
1145,1145,ENS02167,ENC00553,ENH00246
1146,1146,ENS02168,ENC00555,ENH00021
1147,1147,ENS02169,ENC00555,ENH00243
1148,1148,ENS02170,ENC00556,ENH00226
1149,1149,ENS02172,ENC00559,ENH00043
1150,1150,ENS02174,ENC00128,ENH01066
1151,1151,ENS02175,ENC00231,ENH00439
1152,1152,ENS02176,ENC00004,ENH00105
1153,1153,ENS02177,ENC00022,ENH01072
1154,1154,ENS02178,ENC00063,ENH01074
1155,1155,ENS02179,ENC00357,ENH01074
1156,1156,ENS02180,ENC00020,ENH01074
1157,1157,ENS02181,ENC00262,ENH01074
1158,1158,ENS02182,ENC00315,ENH01074
1159,1159,ENS02183,ENC00207,ENH00409
1160,1160,ENS02185,ENC00144,ENH00409
1161,1161,ENS02186,ENC00096,ENH00409
1162,1162,ENS02187,ENC00189,ENH01076
1163,1163,ENS02188,ENC00025,ENH01076
1164,1164,ENS02189,ENC00026,ENH01076
1165,1165,ENS02190,ENC00560,ENH01077
1166,1166,ENS02191,ENC00063,ENH00146
1167,1167,ENS02192,ENC00018,ENH00146
1168,1168,ENS02193,ENC00115,ENH00146
1169,1169,ENS02194,ENC00423,ENH01082
1170,1170,ENS02195,ENC00262,ENH00246
1171,1171,ENS02196,ENC00262,ENH00734
1172,1172,ENS02197,ENC00556,ENH00734
1173,1173,ENS02198,ENC00360,ENH01052
1174,1174,ENS02199,ENC00360,ENH01082
1175,1175,ENS02200,ENC00050,ENH01083
1176,1176,ENS02201,ENC00183,ENH01083
1177,1177,ENS02202,ENC00556,ENH01083
1178,1178,ENS02203,ENC00244,ENH01085
1179,1179,ENS02204,ENC00564,ENH01085
1180,1180,ENS02205,ENC00074,ENH00384
1181,1181,ENS02206,ENC00222,ENH01085
1182,1182,ENS02207,ENC00082,ENH01085
1183,1183,ENS02208,ENC00082,ENH00384
1184,1184,ENS02209,ENC00231,ENH00384
1185,1185,ENS02210,ENC00115,ENH01087
1186,1186,ENS02211,ENC00102,ENH00584
1187,1187,ENS02212,ENC00127,ENH00584
1188,1188,ENS02213,ENC00132,ENH00584
1189,1189,ENS02214,ENC00570,ENH01087
1190,1190,ENS02215,ENC00014,ENH00698
1191,1191,ENS02216,ENC00020,ENH00698
1192,1192,ENS02217,ENC00074,ENH00698
1193,1193,ENS02218,ENC00097,ENH00698
1194,1194,ENS02219,empty0,empty0
1195,1195,ENS02220,ENC00112,ENH00698
1196,1196,ENS02221,ENC00115,ENH00698
1197,1197,ENS02222,ENC00140,ENH00698
1198,1198,ENS02223,ENC00014,ENH00699
1199,1199,ENS02224,ENC00020,ENH00699
1200,1200,ENS02225,ENC00074,ENH00699
1201,1201,ENS02226,ENC00097,ENH00699
1202,1202,ENS02227,ENC00102,ENH00699
1203,1203,ENS02228,ENC00112,ENH00699
1204,1204,ENS02229,ENC00115,ENH00699
1205,1205,ENS02230,ENC00140,ENH00699
1206,1206,ENS02231,ENC00014,ENH00697
1207,1207,ENS02232,ENC00020,ENH00697
1208,1208,ENS02233,ENC00074,ENH00697
1209,1209,ENS02234,ENC00097,ENH00697
1210,1210,ENS02235,ENC00102,ENH00697
1211,1211,ENS02236,ENC00112,ENH00697
1212,1212,ENS02237,ENC00115,ENH00697
1213,1213,ENS02238,ENC00140,ENH00697
1214,1214,ENS02239,ENC00244,ENH01089
1215,1215,ENS02240,ENC00318,ENH01089
1216,1216,ENS02241,ENC00418,ENH01089
1217,1217,ENS02242,ENC00041,ENH01089
1218,1218,ENS02243,ENC00130,ENH01089
1219,1219,ENS02244,ENC00125,ENH01089
1220,1220,ENS02245,ENC00248,ENH01089
1221,1221,ENS02246,ENC00573,ENH01089
1222,1222,ENS02247,ENC00574,ENH01089
1223,1223,ENS02248,ENC00357,ENH01089
1224,1224,ENS02249,ENC00265,ENH01089
1225,1225,ENS02250,ENC00540,ENH01089
1226,1226,ENS02251,ENC00540,ENH01089
1227,1227,ENS02252,ENC00112,ENH01092
1228,1228,ENS02253,ENC00127,ENH01092
1229,1229,ENS02255,ENC00184,ENH01094
1230,1230,ENS02256,ENC00063,ENH01094
1231,1231,ENS02257,ENC00115,ENH01094
1232,1232,ENS02258,ENC00127,ENH01094
1233,1233,ENS02259,ENC00140,ENH01094
1234,1234,ENS02260,ENC00140,ENH01093
1235,1235,ENS02261,ENC00102,ENH01093
1236,1236,ENS02262,ENC00009,ENH01093
1237,1237,ENS02263,ENC00112,ENH01093
1238,1238,ENS02264,ENC00020,ENH01093
1239,1239,ENS02265,ENC00575,ENH01093
1240,1240,ENS02266,ENC00578,ENH01093
1241,1241,ENS02267,ENC00122,ENH01093
1242,1242,ENS02268,ENC00048,ENH01093
1243,1243,ENS02269,ENC00260,ENH01093
1244,1244,ENS02270,ENC00062,ENH01093
1245,1245,ENS02271,ENC00440,ENH01093
1246,1246,ENS02272,ENC00437,ENH01093
1247,1247,ENS02273,ENC00451,ENH01093
1248,1248,ENS02275,empty0,empty0
1249,1249,ENS02276,ENC00278,ENH01093
1250,1250,ENS02277,ENC00312,ENH01093
1251,1251,ENS02278,ENC00062,ENH01094
1252,1252,ENS02279,ENC00129,ENH01094
1253,1253,ENS02280,ENC00265,ENH01094
1254,1254,ENS02282,ENC00130,ENH00551
1255,1255,ENS02283,ENC00074,ENH00551
1256,1256,ENS02284,ENC00115,ENH00551
1257,1257,ENS02285,ENC00048,ENH00514
1258,1258,ENS02286,ENC00122,ENH00514
1259,1259,ENS02287,ENC00102,ENH00514
1260,1260,ENS02288,ENC00115,ENH00943
1261,1261,ENS02289,ENC00248,ENH00586
1262,1262,ENS02290,ENC00078,ENH00586
1263,1263,ENS02291,ENC00217,ENH01000
1264,1264,ENS02292,ENC00189,ENH00096
1265,1265,ENS02293,ENC00450,ENH00962
1266,1266,ENS02294,ENC00578,ENH00948
1267,1267,ENS02295,ENC00365,ENH01121
1268,1268,ENS02297,ENC00356,ENH01121
1269,1269,ENS02298,ENC00385,ENH01121
1270,1270,ENS02299,ENC00194,ENH01121
1271,1271,ENS02301,ENC00248,ENH01123
1272,1272,ENS02302,ENC00216,ENH01124
1273,1273,ENS02303,ENC00216,ENH00417
1274,1274,ENS02304,ENC00176,ENH00645
1275,1275,ENS02305,ENC00444,ENH00646
1276,1276,ENS02306,ENC00050,ENH00887
1277,1277,ENS02307,ENC00249,ENH00549
1278,1278,ENS02308,ENC00276,ENH00294
1279,1279,ENS02309,ENC00360,ENH00355
1280,1280,ENS02310,ENC00360,ENH00422
1281,1281,ENS02312,ENC00170,ENH00226
1282,1282,ENS02313,ENC00231,ENH00468
1283,1283,ENS02314,ENC00050,ENH00886
1284,1284,ENS02315,ENC00181,ENH00886
1285,1285,ENS02316,ENC00115,ENH00965
1286,1286,ENS02317,ENC00174,ENH01125
1287,1287,ENS02318,ENC00076,ENH00107
1288,1288,ENS02319,ENC00076,ENH00222
1289,1289,ENS02320,ENC00082,ENH01126
1290,1290,ENS02321,ENC00050,ENH01126
1291,1291,ENS02322,ENC00216,ENH00212
1292,1292,ENS02323,ENC00478,ENH00096
1293,1293,ENS02324,ENC00407,ENH00107
1294,1294,ENS02325,ENC00249,ENH01127
1295,1295,ENS02326,ENC00082,ENH01127
1296,1296,ENS02327,ENC00283,ENH01127
1297,1297,ENS02328,ENC00228,ENH00235
1298,1298,ENS02329,ENC00216,ENH00402
1299,1299,ENS02330,ENC00152,ENH00165
1300,1300,ENS02331,ENC00361,ENH00117
1301,1301,ENS02332,ENC00044,ENH00049
1302,1302,ENS02333,ENC00074,ENH00315
1303,1303,ENS02334,ENC00283,ENH00428
1304,1304,ENS02335,ENC00060,ENH00031
1305,1305,ENS02336,ENC00217,ENH01128
1306,1306,ENS02337,ENC00102,ENH01128
1307,1307,ENS02338,ENC00231,ENH00165
1308,1308,ENS02339,ENC00053,ENH00111
1309,1309,ENS02340,ENC00053,ENH00118
1310,1310,ENS02341,ENC00578,ENH00211
1311,1311,ENS02343,ENC00181,ENH00141
1312,1312,ENS02344,ENC00050,ENH00141
1313,1313,ENS02345,ENC00361,ENH00141
1314,1314,ENS02346,ENC00020,ENH00125
1315,1315,ENS02347,ENC00013,ENH01113
1316,1316,ENS02348,ENC00102,ENH01129
1317,1317,ENS02350,ENC00361,ENH00134
1318,1318,ENS02351,ENC00053,ENH00117
1319,1319,ENS02352,ENC00078,ENH00231
1320,1320,ENS02353,ENC00361,ENH00119
1321,1321,ENS02354,ENC00074,ENH01130
1322,1322,ENS02355,ENC00315,ENH01130
1323,1323,ENS02356,ENC00003,ENH00074
1324,1324,ENS02357,ENC00053,ENH00134
1325,1325,ENS02358,ENC00361,ENH00099
1326,1326,ENS02361,ENC00143,ENH00368
1327,1327,ENS02362,ENC00097,ENH00679
1328,1328,ENS02365,ENC00143,ENH00367
1329,1329,ENS02366,ENC00143,ENH00369
1330,1330,ENS02367,ENC00468,ENH00231
1331,1331,ENS02368,ENC00479,ENH00160
1332,1332,ENS02369,ENC00044,ENH00449
1333,1333,ENS02370,ENC00216,ENH00959
1334,1334,ENS02371,ENC00216,ENH00960
1335,1335,ENS02372,ENC00063,ENH00097
1336,1336,ENS02373,ENC00283,ENH00097
1337,1337,ENS02374,ENC00580,ENH00097
1338,1338,ENS02375,ENC00249,ENH00314
1339,1339,ENS02376,ENC00249,ENH00189
1340,1340,ENS02377,ENC00249,ENH00382
1341,1341,ENS02378,ENC00233,ENH00580
1342,1342,ENS02379,ENC00287,ENH00580
1343,1343,ENS02380,ENC00247,ENH00580
1344,1344,ENS02381,ENC00292,ENH00580
1345,1345,ENS02382,ENC00382,ENH00227
1346,1346,ENS02383,ENC00127,ENH00227
1347,1347,ENS02384,ENC00048,ENH00227
1348,1348,ENS02385,ENC00074,ENH00227
1349,1349,ENS02386,ENC00578,ENH00227
1350,1350,ENS02387,ENC00063,ENH00227
1351,1351,ENS02388,ENC00407,ENH00227
1352,1352,ENS02389,ENC00306,ENH00227
1353,1353,ENS02390,ENC00122,ENH00227
1354,1354,ENS02391,ENC00130,ENH00227
1355,1355,ENS02392,ENC00125,ENH00227
1356,1356,ENS02393,ENC00132,ENH00227
1357,1357,ENS02394,ENC00140,ENH00227
1358,1358,ENS02395,ENC00114,ENH00119
1359,1359,ENS02396,ENC00003,ENH00773
1360,1360,ENS02397,ENC00003,ENH00774
1361,1361,ENS02398,ENC00003,ENH00771
1362,1362,ENS02399,ENC00164,ENH00231
1363,1363,ENS02400,ENC00005,ENH00613
1364,1364,ENS02401,ENC00356,ENH00127
1365,1365,ENS02402,ENC00184,ENH00539
1366,1366,ENS02403,ENC00365,ENH00540
1367,1367,ENS02404,ENC00306,ENH01131
1368,1368,ENS02405,ENC00014,ENH01131
1369,1369,ENS02406,ENC00342,ENH01131
1370,1370,ENS02407,ENC00231,ENH01131
1371,1371,ENS02408,ENC00013,ENH01131
1372,1372,ENS02409,ENC00078,ENH01131
1373,1373,ENS02410,ENC00014,ENH01113
1374,1374,ENS02411,ENC00007,ENH00367
1375,1375,ENS02412,ENC00009,ENH00213
1376,1376,ENS02413,ENC00009,ENH00223
1377,1377,ENS02414,ENC00528,ENH01135
1378,1378,ENS02415,ENC00053,ENH00038
1379,1379,ENS02416,ENC00144,ENH00098
1380,1380,ENS02417,ENC00144,ENH00119
1381,1381,ENS02418,ENC00170,ENH00118
1382,1382,ENS02419,ENC00011,ENH00021
1383,1383,ENS02420,ENC00011,ENH00022
1384,1384,ENS02421,ENC00026,ENH00163
1385,1385,ENS02422,ENC00027,ENH00249
1386,1386,ENS02423,ENC00361,ENH00915
1387,1387,ENS02424,ENC00025,ENH00417
1388,1388,ENS02425,ENC00189,ENH00417
1389,1389,ENS02426,ENC00556,ENH00228
1390,1390,ENS02427,ENC00182,ENH00228
1391,1391,ENS02428,ENC00262,ENH00228
1392,1392,ENS02429,ENC00189,ENH00604
1393,1393,ENS02430,ENC00181,ENH00068
1394,1394,ENS02431,ENC00050,ENH00068
1395,1395,ENS02432,ENC00162,ENH00068
1396,1396,ENS02433,ENC00556,ENH00473
1397,1397,ENS02434,ENC00161,ENH00473
1398,1398,ENS02435,ENC00361,ENH00474
1399,1399,ENS02436,ENC00183,ENH00474
1400,1400,ENS02437,ENC00573,ENH00474
1401,1401,ENS02438,ENC00050,ENH00508
1402,1402,ENS02439,ENC00050,ENH00528
1403,1403,ENS02440,ENC00183,ENH00528
1404,1404,ENS02441,ENC00050,ENH00867
1405,1405,ENS02442,ENC00161,ENH00939
1406,1406,ENS02443,ENC00050,ENH00939
1407,1407,ENS02444,ENC00182,ENH00939
1408,1408,ENS02445,ENC00585,ENH00166
1409,1409,ENS02446,ENC00163,ENH00267
1410,1410,ENS02447,ENC00050,ENH00267
1411,1411,ENS02448,ENC00182,ENH00246
1412,1412,ENS02449,ENC00050,ENH00226
1413,1413,ENS02450,ENC00025,ENH00227
1414,1414,ENS02451,ENC00050,ENH00479
1415,1415,ENS02452,ENC00408,ENH00479
1416,1416,ENS02453,ENC00262,ENH00479
1417,1417,ENS02454,ENC00272,ENH00479
1418,1418,ENS02455,ENC00050,ENH00578
1419,1419,ENS02456,ENC00163,ENH00578
1420,1420,ENS02457,ENC00413,ENH00578
1421,1421,ENS02458,ENC00262,ENH00476
1422,1422,ENS02459,ENC00357,ENH00476
1423,1423,ENS02460,ENC00027,ENH00445
1424,1424,ENS02461,ENC00163,ENH00445
1425,1425,ENS02462,ENC00539,ENH00445
1426,1426,ENS02464,ENC00027,ENH00900
1427,1427,ENS02465,ENC00027,ENH00907
1428,1428,ENS02466,ENC00050,ENH00043
1429,1429,ENS02467,ENC00161,ENH00063
1430,1430,ENS02468,ENC00487,ENH00226
1431,1431,ENS02469,ENC00556,ENH00021
1432,1432,ENS02470,ENC00050,ENH00246
1433,1433,ENS02471,ENC00275,ENH01053
1434,1434,ENS02472,ENC00275,ENH00734
1435,1435,ENS02473,ENC00161,ENH01136
1436,1436,ENS02474,ENC00412,ENH00440
1437,1437,ENS02475,ENC00361,ENH01136
1438,1438,ENS02476,empty0,empty0
1439,1439,ENS02477,ENC00252,ENH00166
1440,1440,ENS02478,ENC00027,ENH00043
1441,1441,ENS02479,ENC00578,ENH01137
1442,1442,ENS02480,ENC00207,ENH01138
1443,1443,ENS02481,ENC00578,ENH01139
1444,1444,ENS02482,ENC00309,ENH01140
1445,1445,ENS02483,ENC00009,ENH01048
1446,1446,ENS02484,ENC00283,ENH00073
1447,1447,ENS02485,ENC00587,ENH00591
1448,1448,ENS02486,ENC00587,ENH00287
1449,1449,ENS02487,ENC00587,ENH00409
1450,1450,ENS02488,ENC00588,ENH00591
1451,1451,ENS02489,ENC00588,ENH00287
1452,1452,ENS02490,ENC00588,ENH00409
1453,1453,ENS02491,ENC00035,ENH00126
1454,1454,ENS02492,ENC00417,ENH00126
1455,1455,ENS02493,ENC00417,ENH00099
1456,1456,ENS02494,ENC00405,ENH00099
1457,1457,ENS02495,ENC00035,ENH00125
1458,1458,ENS02496,ENC00050,ENH00498
1459,1459,ENS02497,ENC00593,ENH00664
1460,1460,ENS02498,ENC00005,ENH00453
1461,1461,ENS02499,ENC00216,ENH00453
1462,1462,ENS02500,ENC00287,ENH00453
1463,1463,ENS02501,ENC00249,ENH00453
1464,1464,ENS02502,ENC00244,ENH00453
1465,1465,ENS02503,ENC00005,ENH00080
1466,1466,ENS02504,ENC00005,ENH00338
1467,1467,ENS02505,ENC00112,ENH00200
1468,1468,ENS02506,ENC00112,ENH00189
1469,1469,ENS02507,ENC00112,ENH00218
1470,1470,ENS02508,ENC00112,ENH00165
1471,1471,ENS02509,ENC00361,ENH00158
1472,1472,ENS02510,ENC00130,ENH01146
1473,1473,ENS02511,ENC00140,ENH00098
1474,1474,ENS02512,ENC00246,ENH00098
1475,1475,ENS02513,ENC00112,ENH00098
1476,1476,ENS02514,ENC00166,ENH00098
1477,1477,ENS02515,ENC00048,ENH00098
1478,1478,ENS02516,ENC00216,ENH00271
1479,1479,ENS02517,ENC00228,ENH00271
1480,1480,ENS02518,ENC00418,ENH00271
1481,1481,ENS02519,ENC00093,ENH00346
1482,1482,ENS02520,ENC00248,ENH00668
1483,1483,ENS02521,ENC00086,ENH00668
1484,1484,ENS02522,ENC00528,ENH00668
1485,1485,ENS02523,ENC00228,ENH00668
1486,1486,ENS02524,ENC00600,ENH00435
1487,1487,ENS02525,ENC00361,ENH00596
1488,1488,ENS02526,ENC00249,ENH00704
1489,1489,ENS02527,ENC00112,ENH00070
1490,1490,ENS02528,ENC00578,ENH00688
1491,1491,ENS02529,ENC00074,ENH00688
1492,1492,ENS02530,ENC00053,ENH00688
1493,1493,ENS02531,ENC00097,ENH00688
1494,1494,ENS02532,ENC00250,ENH00165
1495,1495,ENS02533,ENC00250,ENH00235
1496,1496,ENS02534,ENC00020,ENH00592
1497,1497,ENS02535,ENC00112,ENH00152
1498,1498,ENS02536,ENC00489,ENH00152
1499,1499,ENS02537,ENC00600,ENH01150
1500,1500,ENS02538,ENC00177,ENH00496
1501,1501,ENS02539,ENC00260,ENH00299
1502,1502,ENS02540,ENC00603,ENH00299
1503,1503,ENS02541,ENC00260,ENH00652
1504,1504,ENS02542,ENC00603,ENH00652
1505,1505,ENS02543,ENC00260,ENH00655
1506,1506,ENS02544,ENC00603,ENH00655
1507,1507,ENS02545,ENC00020,ENH00685
1508,1508,ENS02546,ENC00053,ENH00685
1509,1509,ENS02547,ENC00020,ENH00628
1510,1510,ENS02548,ENC00250,ENH00628
1511,1511,ENS02549,ENC00600,ENH00628
1512,1512,ENS02550,ENC00421,ENH00631
1513,1513,ENS02551,ENC00192,ENH00696
1514,1514,ENS02552,ENC00027,ENH00309
1515,1515,ENS02553,ENC00164,ENH00813
1516,1516,ENS02554,ENC00361,ENH00410
1517,1517,ENS02555,ENC00262,ENH00410
1518,1518,ENS02556,ENC00127,ENH00897
1519,1519,ENS02557,ENC00361,ENH00774
1520,1520,ENS02558,ENC00578,ENH00705
1521,1521,ENS02559,ENC00112,ENH00705
1522,1522,ENS02560,ENC00112,ENH00143
1523,1523,ENS02561,ENC00127,ENH00175
1524,1524,ENS02562,ENC00027,ENH00175
1525,1525,ENS02563,ENC00283,ENH00165
1526,1526,ENS02564,ENC00063,ENH00804
1527,1527,ENS02565,ENC00249,ENH00820
1528,1528,ENS02566,ENC00013,ENH00391
1529,1529,ENS02567,ENC00222,ENH00712
1530,1530,ENS02568,ENC00249,ENH00446
1531,1531,ENS02569,ENC00450,ENH00446
1532,1532,ENS02570,ENC00174,ENH01095
1533,1533,ENS02571,ENC00578,ENH00565
1534,1534,ENS02572,ENC00578,ENH00281
1535,1535,ENS02573,ENC00600,ENH00766
1536,1536,ENS02574,ENC00244,ENH00766
1537,1537,ENS02575,ENC00360,ENH00756
1538,1538,ENS02576,ENC00605,ENH01071
1539,1539,ENS02577,ENC00097,ENH00799
1540,1540,ENS02578,ENC00516,ENH00802
1541,1541,ENS02579,ENC00600,ENH01010
1542,1542,ENS02580,ENC00361,ENH00153
0,0,ENS00007,ENC00082,ENH00074
1,1,ENS00008,ENC00003,ENH00038
2,2,ENS00009,ENC00110,ENH00039
3,3,ENS00010,ENC00119,ENH00120
4,4,ENS00012,ENC00157,ENH00057
5,5,ENS00013,ENC00170,ENH00022
6,6,ENS00014,ENC00170,ENH00043
7,7,ENS00015,ENC00112,ENH00116
8,8,ENS00022,ENC00177,ENH00121
9,9,ENS00023,ENC00178,ENH00041
10,10,ENS00028,ENC00026,ENH00119
11,11,ENS00029,ENC00157,ENH00065
12,12,ENS00030,ENC00169,ENH00019
13,13,ENS00031,ENC00168,ENH00005
14,14,ENS00033,ENC00174,ENH00096
15,15,ENS00034,ENC00179,ENH00124
16,16,ENS00038,ENC00132,ENH00127
17,17,ENS00040,ENC00145,ENH00123
18,18,ENS00041,ENC00145,ENH00056
19,19,ENS00043,ENC00011,ENH00226
20,20,ENS00044,ENC00011,ENH00043
21,21,ENS00065,ENC00031,ENH00049
22,22,ENS00066,ENC00143,ENH00057
23,23,ENS00067,ENC00044,ENH00120
24,24,ENS00068,ENC00189,ENH00134
25,25,ENS00069,ENC00143,ENH00007
26,26,ENS00070,ENC00044,ENH00023
27,27,ENS00071,ENC00067,ENH00057
28,28,ENS00074,ENC00025,ENH00064
29,29,ENS00075,ENC00176,ENH00154
30,30,ENS00076,ENC00169,ENH00018
31,31,ENS00078,ENC00178,ENH00118
32,32,ENS00079,ENC00176,ENH00041
33,33,ENS00080,ENC00176,ENH00118
34,34,ENS00081,ENC00176,ENH00155
35,35,ENS00082,ENC00176,ENH00066
36,36,ENS00086,ENC00169,ENH00020
37,37,ENS00089,ENC00097,ENH00031
38,38,ENS00090,ENC00004,ENH00031
39,39,ENS00091,ENC00115,ENH00031
40,40,ENS00092,ENC00140,ENH00031
41,41,ENS00093,ENC00168,ENH00049
42,42,ENS00094,ENC00166,ENH00049
43,43,ENS00095,ENC00191,ENH00157
44,44,ENS00096,ENC00191,ENH00158
45,45,ENS00097,ENC00191,ENH00159
46,46,ENS00098,ENC00189,ENH00156
47,47,ENS00099,ENC00192,ENH00120
48,48,ENS00100,ENC00031,ENH00120
49,49,ENS00101,ENC00112,ENH00149
50,50,ENS00102,ENC00002,ENH00117
51,51,ENS00103,ENC00001,ENH00111
52,52,ENS00106,ENC00025,ENH00098
53,53,ENS00107,ENC00193,ENH00163
54,54,ENS00108,ENC00194,ENH00063
55,55,ENS00110,ENC00196,ENH00161
56,56,ENS00112,ENC00157,ENH00007
57,57,ENS00114,ENC00198,ENH00124
58,58,ENS00116,ENC00509,ENH00166
59,59,ENS00117,ENC00201,ENH00076
60,60,ENS00120,ENC00180,ENH00104
61,61,ENS00122,ENC00189,ENH00078
62,62,ENS00124,ENC00025,ENH00122
63,63,ENS00125,ENC00025,ENH00124
64,64,ENS00126,ENC00025,ENH00119
65,65,ENS00127,ENC00026,ENH00098
66,66,ENS00131,ENC00004,ENH00160
67,67,ENS00132,ENC00004,ENH00100
68,68,ENS00134,ENC00180,ENH00127
69,69,ENS00135,ENC00189,ENH00164
70,70,ENS00138,ENC00189,ENH00139
71,71,ENS00140,ENC00005,ENH00160
72,72,ENS00142,ENC00001,ENH00097
73,73,ENS00143,ENC00001,ENH00181
74,74,ENS00144,ENC00001,ENH00122
75,75,ENS00145,ENC00001,ENH00125
76,76,ENS00146,ENC00002,ENH00097
77,77,ENS00147,ENC00002,ENH00181
78,78,ENS00148,ENC00002,ENH00161
79,79,ENS00149,ENC00002,ENH00122
80,80,ENS00150,ENC00002,ENH00031
81,81,ENS00151,ENC00003,ENH00097
82,82,ENS00152,ENC00003,ENH00122
83,83,ENS00153,ENC00003,ENH00125
84,84,ENS00154,ENC00176,ENH00097
85,85,ENS00155,ENC00177,ENH00181
86,86,ENS00156,ENC00177,ENH00164
87,87,ENS00157,ENC00177,ENH00122
88,88,ENS00159,ENC00067,ENH00003
89,89,ENS00160,ENC00007,ENH00003
90,90,ENS00161,ENC00143,ENH00003
91,91,ENS00162,ENC00162,ENH00122
92,92,ENS00163,ENC00074,ENH00122
93,93,ENS00164,ENC00112,ENH00122
94,94,ENS00165,ENC00183,ENH00164
95,95,ENS00166,ENC00189,ENH00021
96,96,ENS00167,ENC00189,ENH00181
97,97,ENS00168,ENC00220,ENH00122
98,98,ENS00169,ENC00220,ENH00157
99,99,ENS00173,ENC00009,ENH00199
100,100,ENS00174,ENC00221,ENH00199
101,101,ENS00175,ENC00174,ENH00199
102,102,ENS00176,ENC00048,ENH00197
103,103,ENS00177,ENC00005,ENH00203
104,104,ENS00178,ENC00222,ENH00203
105,105,ENS00179,ENC00004,ENH00204
106,106,ENS00180,ENC00004,ENH00202
107,107,ENS00182,ENC00004,ENH00205
108,108,ENS00183,ENC00128,ENH00206
109,109,ENS00186,ENC00216,ENH00206
110,110,ENS00187,ENC00228,ENH00206
111,111,ENS00188,ENC00063,ENH00206
112,112,ENS00189,ENC00231,ENH00206
113,113,ENS00190,ENC00005,ENH00207
114,114,ENS00191,ENC00018,ENH00208
115,115,ENS00192,ENC00234,ENH00208
116,116,ENS00193,ENC00132,ENH00208
117,117,ENS00194,ENC00127,ENH00208
118,118,ENS00195,ENC00102,ENH00208
119,119,ENS00196,ENC00063,ENH00208
120,120,ENS00198,ENC00115,ENH00208
121,121,ENS00199,ENC00144,ENH00208
122,122,ENS00201,ENC00184,ENH00208
123,123,ENS00203,ENC00241,ENH00208
124,124,ENS00204,ENC00244,ENH00208
125,125,ENS00207,ENC00063,ENH00016
126,126,ENS00208,ENC00093,ENH00213
127,127,ENS00209,ENC00246,ENH00031
128,128,ENS00210,ENC00246,ENH00116
129,129,ENS00211,ENC00007,ENH00019
130,130,ENS00212,ENC00007,ENH00018
131,131,ENS00213,ENC00007,ENH00214
132,132,ENS00217,ENC00009,ENH00214
133,133,ENS00221,ENC00007,ENH00065
134,134,ENS00222,ENC00007,ENH00007
135,135,ENS00223,ENC00007,ENH00057
136,136,ENS00224,ENC00009,ENH00022
137,137,ENS00227,ENC00022,ENH00215
138,138,ENS00228,ENC00244,ENH00215
139,139,ENS00229,ENC00231,ENH00215
140,140,ENS00230,ENC00241,ENH00215
141,141,ENS00231,ENC00247,ENH00215
142,142,ENS00232,ENC00005,ENH00217
143,143,ENS00233,ENC00249,ENH00217
144,144,ENS00235,ENC00005,ENH00200
145,145,ENS00236,ENC00004,ENH00200
146,146,ENS00237,ENC00216,ENH00200
147,147,ENS00238,ENC00004,ENH00165
148,148,ENS00239,ENC00005,ENH00165
149,149,ENS00240,ENC00005,ENH00218
150,150,ENS00241,ENC00216,ENH00218
151,151,ENS00242,ENC00014,ENH00218
152,152,ENS00243,ENC00247,ENH00218
153,153,ENS00244,ENC00004,ENH00212
154,154,ENS00245,ENC00005,ENH00212
155,155,ENS00246,ENC00222,ENH00212
156,156,ENS00247,ENC00063,ENH00068
157,157,ENS00248,ENC00249,ENH00068
158,158,ENS00249,ENC00217,ENH00208
159,159,ENS00250,ENC00251,ENH00219
160,160,ENS00251,ENC00078,ENH00219
161,161,ENS00252,ENC00013,ENH00219
162,162,ENS00253,ENC00252,ENH00219
163,163,ENS00254,ENC00253,ENH00107
164,164,ENS00255,ENC00104,ENH00103
165,165,ENS00256,ENC00038,ENH00123
166,166,ENS00257,ENC00004,ENH00080
167,167,ENS00259,ENC00005,ENH00225
168,168,ENS00260,ENC00004,ENH00225
169,169,ENS00263,ENC00254,ENH00212
170,170,ENS00264,ENC00255,ENH00212
171,171,ENS00265,ENC00183,ENH00166
172,172,ENS00266,ENC00093,ENH00212
173,173,ENS00267,ENC00093,ENH00223
174,174,ENS00268,ENC00222,ENH00058
175,175,ENS00269,ENC00222,ENH00222
176,176,ENS00270,ENC00112,ENH00222
177,177,ENS00271,ENC00004,ENH00230
178,178,ENS00272,ENC00005,ENH00230
179,179,ENS00273,ENC00004,ENH00231
180,180,ENS00274,ENC00005,ENH00231
181,181,ENS00275,ENC00152,ENH00231
182,182,ENS00276,ENC00018,ENH00231
183,183,ENS00277,ENC00078,ENH00165
184,184,ENS00278,ENC00231,ENH00137
185,185,ENS00279,ENC00259,ENH00137
186,186,ENS00280,ENC00216,ENH00137
187,187,ENS00281,ENC00247,ENH00137
188,188,ENS00282,ENC00007,ENH00212
189,189,ENS00283,ENC00005,ENH00232
190,190,ENS00284,ENC00004,ENH00232
191,191,ENS00285,ENC00004,ENH00233
192,192,ENS00286,ENC00005,ENH00233
193,193,ENS00287,ENC00004,ENH00235
194,194,ENS00288,ENC00005,ENH00235
195,195,ENS00289,ENC00005,ENH00237
196,196,ENS00290,ENC00004,ENH00237
197,197,ENS00291,ENC00005,ENH00238
198,198,ENS00292,ENC00004,ENH00238
199,199,ENS00293,ENC00004,ENH00239
200,200,ENS00294,ENC00005,ENH00239
201,201,ENS00295,ENC00004,ENH00240
202,202,ENS00296,ENC00005,ENH00240
203,203,ENS00297,ENC00004,ENH00241
204,204,ENS00298,ENC00005,ENH00241
205,205,ENS00299,ENC00004,ENH00242
206,206,ENS00300,ENC00005,ENH00242
207,207,ENS00301,ENC00050,ENH00243
208,208,ENS00302,ENC00268,ENH00243
209,209,ENS00303,ENC00265,ENH00243
210,210,ENS00306,ENC00183,ENH00243
211,211,ENS00307,ENC00271,ENH00243
212,212,ENS00308,ENC00272,ENH00243
213,213,ENS00311,ENC00247,ENH00244
214,214,ENS00314,ENC00112,ENH00245
215,215,ENS00315,ENC00249,ENH00212
216,216,ENS00317,ENC00484,ENH00073
217,217,ENS00318,ENC00102,ENH00073
218,218,ENS00319,ENC00048,ENH00073
219,219,ENS00320,ENC00259,ENH00073
220,220,ENS00323,ENC00273,ENH00189
221,221,ENS00324,ENC00248,ENH00189
222,222,ENS00325,ENC00249,ENH00218
223,223,ENS00326,ENC00273,ENH00218
224,224,ENS00327,ENC00273,ENH00200
225,225,ENS00328,ENC00249,ENH00200
226,226,ENS00330,ENC00276,ENH00248
227,227,ENS00332,ENC00088,ENH00249
228,228,ENS00333,ENC00048,ENH00249
229,229,ENS00335,ENC00074,ENH00249
230,230,ENS00336,ENC00063,ENH00249
231,231,ENS00337,ENC00140,ENH00249
232,232,ENS00338,ENC00037,ENH00185
233,233,ENS00339,ENC00063,ENH00185
234,234,ENS00340,ENC00144,ENH00185
235,235,ENS00342,ENC00249,ENH00250
236,236,ENS00344,ENC00048,ENH00250
237,237,ENS00345,ENC00018,ENH00251
238,238,ENS00346,ENC00244,ENH00251
239,239,ENS00347,ENC00093,ENH00251
240,240,ENS00349,ENC00273,ENH00251
241,241,ENS00351,ENC00171,ENH00252
242,242,ENS00352,ENC00078,ENH00252
243,243,ENS00353,ENC00251,ENH00252
244,244,ENS00355,ENC00145,ENH00253
245,245,ENS00357,ENC00251,ENH00253
246,246,ENS00358,ENC00078,ENH00253
247,247,ENS00360,ENC00276,ENH00253
248,248,ENS00361,ENC00125,ENH00253
249,249,ENS00362,ENC00233,ENH00254
250,250,ENS00363,ENC00216,ENH00254
251,251,ENS00367,ENC00249,ENH00235
252,252,ENS00368,ENC00062,ENH00256
253,253,ENS00369,ENC00102,ENH00256
254,254,ENS00370,ENC00097,ENH00256
255,255,ENS00371,ENC00063,ENH00256
256,256,ENS00374,ENC00005,ENH00256
257,257,ENS00375,ENC00078,ENH00256
258,258,ENS00376,ENC00093,ENH00256
259,259,ENS00377,ENC00231,ENH00256
260,260,ENS00378,ENC00020,ENH00256
261,261,ENS00379,ENC00014,ENH00256
262,262,ENS00380,ENC00247,ENH00256
263,263,ENS00381,ENC00216,ENH00256
264,264,ENS00382,ENC00234,ENH00256
265,265,ENS00383,ENC00004,ENH00256
266,266,ENS00384,ENC00273,ENH00257
267,267,ENS00385,ENC00078,ENH00257
268,268,ENS00386,ENC00231,ENH00257
269,269,ENS00387,ENC00231,ENH00258
270,270,ENS00388,ENC00231,ENH00271
271,271,ENS00389,ENC00244,ENH00271
272,272,ENS00390,ENC00231,ENH00273
273,273,ENS00391,ENC00216,ENH00273
274,274,ENS00392,ENC00255,ENH00273
275,275,ENS00393,ENC00244,ENH00273
276,276,ENS00394,ENC00228,ENH00273
277,277,ENS00395,ENC00278,ENH00273
278,278,ENS00396,ENC00248,ENH00273
279,279,ENS00397,empty0,empty0
280,280,ENS00398,ENC00152,ENH00273
281,281,ENS00400,ENC00112,ENH00274
282,282,ENS00401,ENC00284,ENH00276
283,283,ENS00402,ENC00249,ENH00276
284,284,ENS00403,ENC00150,ENH00276
285,285,ENS00404,ENC00273,ENH00276
286,286,ENS00405,ENC00059,ENH00277
287,287,ENS00406,ENC00231,ENH00277
288,288,ENS00407,ENC00244,ENH00277
289,289,ENS00409,ENC00247,ENH00277
290,290,ENS00410,ENC00219,ENH00277
291,291,ENS00411,ENC00217,ENH00277
292,292,ENS00412,ENC00244,ENH00279
293,293,ENS00413,ENC00283,ENH00279
294,294,ENS00414,ENC00249,ENH00279
295,295,ENS00415,ENC00082,ENH00279
296,296,ENS00416,ENC00184,ENH00279
297,297,ENS00417,ENC00112,ENH00280
298,298,ENS00418,ENC00184,ENH00280
299,299,ENS00419,ENC00248,ENH00279
300,300,ENS00420,ENC00130,ENH00283
301,301,ENS00421,ENC00247,ENH00282
302,302,ENS00422,ENC00217,ENH00282
303,303,ENS00423,ENC00249,ENH00282
304,304,ENS00424,ENC00216,ENH00282
305,305,ENS00425,ENC00150,ENH00287
306,306,ENS00426,ENC00231,ENH00287
307,307,ENS00427,ENC00074,ENH00289
308,308,ENS00428,ENC00244,ENH00288
309,309,ENS00429,ENC00059,ENH00288
310,310,ENS00430,ENC00276,ENH00288
311,311,ENS00431,ENC00249,ENH00288
312,312,ENS00432,ENC00132,ENH00290
313,313,ENS00433,ENC00041,ENH00290
314,314,ENS00434,ENC00132,ENH00292
315,315,ENS00435,ENC00130,ENH00291
316,316,ENS00436,ENC00248,ENH00291
317,317,ENS00437,ENC00074,ENH00291
318,318,ENS00438,ENC00184,ENH00291
319,319,ENS00439,ENC00127,ENH00291
320,320,ENS00441,ENC00301,ENH00293
321,321,ENS00442,ENC00246,ENH00293
322,322,ENS00443,ENC00262,ENH00319
323,323,ENS00444,ENC00130,ENH00320
324,324,ENS00445,ENC00276,ENH00320
325,325,ENS00446,ENC00018,ENH00320
326,326,ENS00448,ENC00231,ENH00320
327,327,ENS00449,ENC00020,ENH00320
328,328,ENS00450,ENC00018,ENH00321
329,329,ENS00451,ENC00140,ENH00321
330,330,ENS00452,ENC00184,ENH00321
331,331,ENS00453,ENC00213,ENH00321
332,332,ENS00454,ENC00112,ENH00321
333,333,ENS00455,ENC00122,ENH00321
334,334,ENS00456,ENC00249,ENH00321
335,335,ENS00457,ENC00074,ENH00321
336,336,ENS00458,ENC00063,ENH00321
337,337,ENS00459,ENC00048,ENH00321
338,338,ENS00460,ENC00273,ENH00212
339,339,ENS00465,ENC00115,ENH00322
340,340,ENS00466,ENC00140,ENH00322
341,341,ENS00467,ENC00246,ENH00322
342,342,ENS00468,ENC00130,ENH00322
343,343,ENS00469,ENC00144,ENH00322
344,344,ENS00470,ENC00127,ENH00322
345,345,ENS00471,ENC00150,ENH00324
346,346,ENS00472,ENC00244,ENH00324
347,347,ENS00473,ENC00063,ENH00324
348,348,ENS00474,ENC00128,ENH00324
349,349,ENS00475,ENC00277,ENH00324
350,350,ENS00476,ENC00263,ENH00324
351,351,ENS00477,ENC00014,ENH00325
352,352,ENS00478,ENC00112,ENH00325
353,353,ENS00480,ENC00276,ENH00325
354,354,ENS00481,ENC00287,ENH00325
355,355,ENS00483,ENC00290,ENH00326
356,356,ENS00484,ENC00248,ENH00328
357,357,ENS00485,ENC00115,ENH00329
358,358,ENS00486,ENC00222,ENH00329
359,359,ENS00492,ENC00284,ENH00331
360,360,ENS00493,ENC00247,ENH00331
361,361,ENS00494,ENC00222,ENH00331
362,362,ENS00496,ENC00018,ENH00331
363,363,ENS00497,ENC00102,ENH00331
364,364,ENS00498,ENC00248,ENH00331
365,365,ENS00499,ENC00074,ENH00331
366,366,ENS00500,ENC00130,ENH00331
367,367,ENS00501,ENC00144,ENH00331
368,368,ENS00502,ENC00127,ENH00331
369,369,ENS00503,ENC00115,ENH00331
370,370,ENS00504,ENC00112,ENH00331
371,371,ENS00506,ENC00044,ENH00332
372,372,ENS00507,ENC00112,ENH00332
373,373,ENS00509,ENC00018,ENH00333
374,374,ENS00510,ENC00127,ENH00333
375,375,ENS00511,ENC00014,ENH00333
376,376,ENS00512,ENC00048,ENH00333
377,377,ENS00513,ENC00112,ENH00333
378,378,ENS00514,ENC00074,ENH00333
379,379,ENS00515,ENC00122,ENH00333
380,380,ENS00516,ENC00144,ENH00333
381,381,ENS00517,ENC00184,ENH00333
382,382,ENS00518,ENC00097,ENH00333
383,383,ENS00519,ENC00102,ENH00333
384,384,ENS00521,ENC00020,ENH00333
385,385,ENS00522,ENC00130,ENH00333
386,386,ENS00523,ENC00115,ENH00333
387,387,ENS00524,ENC00247,ENH00333
388,388,ENS00525,ENC00216,ENH00335
389,389,ENS00526,ENC00102,ENH00335
390,390,ENS00527,ENC00130,ENH00335
391,391,ENS00528,ENC00228,ENH00335
392,392,ENS00529,ENC00144,ENH00335
393,393,ENS00530,ENC00247,ENH00335
394,394,ENS00531,ENC00074,ENH00335
395,395,ENS00532,ENC00037,ENH00336
396,396,ENS00533,ENC00037,ENH00338
397,397,ENS00534,ENC00303,ENH00338
398,398,ENS00535,ENC00248,ENH00237
399,399,ENS00536,ENC00248,ENH00253
400,400,ENS00537,ENC00037,ENH00265
401,401,ENS00538,ENC00283,ENH00338
402,402,ENS00539,ENC00283,ENH00235
403,403,ENS00540,ENC00247,ENH00347
404,404,ENS00541,ENC00125,ENH00347
405,405,ENS00542,ENC00222,ENH00347
406,406,ENS00543,ENC00216,ENH00347
407,407,ENS00544,ENC00276,ENH00348
408,408,ENS00546,ENC00248,ENH00348
409,409,ENS00548,ENC00276,ENH00349
410,410,ENS00549,ENC00247,ENH00349
411,411,ENS00550,ENC00233,ENH00349
412,412,ENS00551,ENC00144,ENH00350
413,413,ENS00552,ENC00184,ENH00350
414,414,ENS00553,ENC00130,ENH00350
415,415,ENS00554,ENC00127,ENH00350
416,416,ENS00555,ENC00074,ENH00350
417,417,ENS00556,ENC00063,ENH00350
418,418,ENS00557,ENC00132,ENH00350
419,419,ENS00558,ENC00228,ENH00350
420,420,ENS00559,ENC00287,ENH00326
421,421,ENS00560,ENC00287,ENH00266
422,422,ENS00561,ENC00231,ENH00266
423,423,ENS00562,ENC00283,ENH00266
424,424,ENS00563,ENC00247,ENH00306
425,425,ENS00564,ENC00231,ENH00306
426,426,ENS00565,ENC00283,ENH00306
427,427,ENS00566,ENC00247,ENH00221
428,428,ENS00567,ENC00283,ENH00221
429,429,ENS00568,ENC00247,ENH00189
430,430,ENS00569,ENC00287,ENH00252
431,431,ENS00571,ENC00287,ENH00327
432,432,ENS00573,ENC00287,ENH00165
433,433,ENS00574,ENC00018,ENH00288
434,434,ENS00575,ENC00247,ENH00235
435,435,ENS00576,ENC00287,ENH00328
436,436,ENS00577,ENC00287,ENH00237
437,437,ENS00578,ENC00247,ENH00254
438,438,ENS00580,ENC00247,ENH00255
439,439,ENS00581,ENC00287,ENH00253
440,440,ENS00582,ENC00287,ENH00353
441,441,ENS00583,ENC00247,ENH00321
442,442,ENS00584,ENC00244,ENH00321
443,443,ENS00585,ENC00287,ENH00313
444,444,ENS00586,ENC00287,ENH00354
445,445,ENS00587,ENC00247,ENH00273
446,446,ENS00588,ENC00247,ENH00200
447,447,ENS00589,ENC00287,ENH00248
448,448,ENS00590,ENC00247,ENH00261
449,449,ENS00591,empty0,empty0
450,450,ENS00593,ENC00287,ENH00265
451,451,ENS00595,ENC00020,ENH00356
452,452,ENS00596,ENC00020,ENH00355
453,453,ENS00597,ENC00162,ENH00355
454,454,ENS00598,ENC00162,ENH00356
455,455,ENS00599,ENC00018,ENH00346
456,456,ENS00600,ENC00018,ENH00338
457,457,ENS00601,ENC00020,ENH00319
458,458,ENS00602,ENC00050,ENH00319
459,459,ENS00603,ENC00037,ENH00251
460,460,ENS00604,ENC00037,ENH00165
461,461,ENS00605,ENC00037,ENH00212
462,462,ENS00606,ENC00037,ENH00213
463,463,ENS00607,ENC00037,ENH00223
464,464,ENS00608,ENC00037,ENH00218
465,465,ENS00609,ENC00037,ENH00160
466,466,ENS00610,ENC00037,ENH00180
467,467,ENS00611,ENC00037,ENH00358
468,468,ENS00613,ENC00020,ENH00361
469,469,ENS00614,ENC00063,ENH00361
470,470,ENS00615,ENC00048,ENH00361
471,471,ENS00616,ENC00122,ENH00361
472,472,ENS00617,ENC00140,ENH00361
473,473,ENS00618,ENC00132,ENH00361
474,474,ENS00619,ENC00102,ENH00361
475,475,ENS00620,ENC00249,ENH00361
476,476,ENS00621,ENC00234,ENH00235
477,477,ENS00622,ENC00234,ENH00279
478,478,ENS00623,ENC00273,ENH00338
479,479,ENS00624,ENC00074,ENH00365
480,480,ENS00626,ENC00074,ENH00366
481,481,ENS00627,ENC00130,ENH00366
482,482,ENS00628,ENC00184,ENH00366
483,483,ENS00629,ENC00048,ENH00366
484,484,ENS00630,ENC00020,ENH00366
485,485,ENS00631,ENC00112,ENH00366
486,486,ENS00633,ENC00122,ENH00366
487,487,ENS00634,ENC00102,ENH00366
488,488,ENS00635,ENC00115,ENH00366
489,489,ENS00636,ENC00127,ENH00366
490,490,ENS00637,ENC00097,ENH00366
491,491,ENS00638,ENC00074,ENH00367
492,492,ENS00639,ENC00115,ENH00367
493,493,ENS00640,ENC00063,ENH00367
494,494,ENS00641,ENC00063,ENH00369
495,495,ENS00642,ENC00020,ENH00369
496,496,ENS00643,ENC00312,ENH00369
497,497,ENS00644,ENC00037,ENH00224
498,498,ENS00645,ENC00119,ENH00374
499,499,ENS00646,ENC00310,ENH00366
500,500,ENS00647,ENC00310,ENH00365
501,501,ENS00648,ENC00310,ENH00369
502,502,ENS00649,ENC00310,ENH00371
503,503,ENS00650,ENC00311,ENH00366
504,504,ENS00651,ENC00311,ENH00367
505,505,ENS00652,ENC00311,ENH00365
506,506,ENS00653,ENC00311,ENH00369
507,507,ENS00654,ENC00311,ENH00383
508,508,ENS00655,ENC00310,ENH00383
509,509,ENS00656,ENC00093,ENH00383
510,510,ENS00657,ENC00096,ENH00383
511,511,ENS00658,ENC00313,ENH00383
512,512,ENS00659,ENC00222,ENH00384
513,513,ENS00660,ENC00130,ENH00384
514,514,ENS00661,ENC00216,ENH00384
515,515,ENS00662,ENC00018,ENH00387
516,516,ENS00663,ENC00048,ENH00387
517,517,ENS00664,ENC00074,ENH00387
518,518,ENS00665,ENC00184,ENH00387
519,519,ENS00666,ENC00112,ENH00387
520,520,ENS00667,ENC00140,ENH00387
521,521,ENS00668,ENC00307,ENH00387
522,522,ENS00669,ENC00063,ENH00388
523,523,ENS00671,ENC00074,ENH00388
524,524,ENS00672,ENC00132,ENH00390
525,525,ENS00673,ENC00130,ENH00390
526,526,ENS00674,ENC00245,ENH00390
527,527,ENS00675,ENC00076,ENH00390
528,528,ENS00676,ENC00306,ENH00390
529,529,ENS00678,ENC00308,ENH00390
530,530,ENS00679,ENC00009,ENH00393
531,531,ENS00680,ENC00048,ENH00393
532,532,ENS00681,ENC00122,ENH00393
533,533,ENS00683,ENC00306,ENH00394
534,534,ENS00684,ENC00308,ENH00394
535,535,ENS00685,ENC00115,ENH00394
536,536,ENS00686,ENC00140,ENH00394
537,537,ENS00687,ENC00127,ENH00394
538,538,ENS00688,ENC00144,ENH00394
539,539,ENS00689,ENC00184,ENH00394
540,540,ENS00690,ENC00247,ENH00396
541,541,ENS00691,ENC00287,ENH00396
542,542,ENS00692,ENC00048,ENH00397
543,543,ENS00693,ENC00097,ENH00397
544,544,ENS00694,ENC00130,ENH00398
545,545,ENS00696,ENC00122,ENH00398
546,546,ENS00697,ENC00086,ENH00398
547,547,ENS00698,ENC00018,ENH00398
548,548,ENS00699,ENC00144,ENH00399
549,549,ENS00700,ENC00127,ENH00399
550,550,ENS00701,ENC00074,ENH00399
551,551,ENS00702,ENC00184,ENH00399
552,552,ENS00703,ENC00127,ENH00400
553,553,ENS00704,ENC00144,ENH00400
554,554,ENS00705,ENC00132,ENH00400
555,555,ENS00706,ENC00306,ENH00400
556,556,ENS00707,ENC00074,ENH00400
557,557,ENS00708,ENC00184,ENH00400
558,558,ENS00709,ENC00315,ENH00400
559,559,ENS00710,ENC00074,ENH00401
560,560,ENS00712,ENC00102,ENH00401
561,561,ENS00713,empty0,empty0
562,562,ENS00714,ENC00112,ENH00401
563,563,ENS00715,ENC00018,ENH00401
564,564,ENS00716,ENC00144,ENH00403
565,565,ENS00717,ENC00144,ENH00404
566,566,ENS00718,ENC00140,ENH00405
567,567,ENS00719,ENC00112,ENH00405
568,568,ENS00720,ENC00144,ENH00405
569,569,ENS00721,ENC00125,ENH00405
570,570,ENS00722,ENC00097,ENH00405
571,571,ENS00723,ENC00216,ENH00406
572,572,ENS00724,ENC00074,ENH00406
573,573,ENS00725,ENC00306,ENH00406
574,574,ENS00726,ENC00112,ENH00406
575,575,ENS00727,ENC00018,ENH00406
576,576,ENS00728,ENC00228,ENH00406
577,577,ENS00730,ENC00130,ENH00407
578,578,ENS00731,ENC00144,ENH00407
579,579,ENS00732,ENC00219,ENH00408
580,580,ENS00733,ENC00145,ENH00408
581,581,ENS00734,ENC00115,ENH00408
582,582,ENS00735,ENC00130,ENH00408
583,583,ENS00736,ENC00125,ENH00408
584,584,ENS00737,ENC00097,ENH00408
585,585,ENS00738,ENC00184,ENH00408
586,586,ENS00739,ENC00003,ENH00144
587,587,ENS00740,ENC00316,ENH00165
588,588,ENS00741,ENC00316,ENH00144
589,589,ENS00742,ENC00093,ENH00031
590,590,ENS00743,ENC00093,ENH00084
591,591,ENS00744,ENC00093,ENH00409
592,592,ENS00745,ENC00318,ENH00409
593,593,ENS00746,ENC00318,ENH00165
594,594,ENS00747,ENC00093,ENH00165
595,595,ENS00748,ENC00093,ENH00306
596,596,ENS00749,ENC00320,ENH00409
597,597,ENS00750,ENC00320,ENH00306
598,598,ENS00752,ENC00216,ENH00100
599,599,ENS00754,ENC00005,ENH00410
600,600,ENS00755,ENC00112,ENH00410
601,601,ENS00756,ENC00093,ENH00193
602,602,ENS00757,ENC00093,ENH00191
603,603,ENS00758,ENC00093,ENH00192
604,604,ENS00759,ENC00041,ENH00160
605,605,ENS00760,ENC00112,ENH00160
606,606,ENS00761,ENC00122,ENH00160
607,607,ENS00762,ENC00252,ENH00161
608,608,ENS00765,ENC00284,ENH00164
609,609,ENS00766,ENC00009,ENH00139
610,610,ENS00768,ENC00063,ENH00139
611,611,ENS00769,ENC00074,ENH00139
612,612,ENS00770,ENC00125,ENH00139
613,613,ENS00771,ENC00140,ENH00139
614,614,ENS00772,ENC00020,ENH00157
615,615,ENS00773,ENC00262,ENH00157
616,616,ENS00774,ENC00035,ENH00157
617,617,ENS00775,ENC00125,ENH00157
618,618,ENS00776,ENC00140,ENH00157
619,619,ENS00777,ENC00144,ENH00157
620,620,ENS00778,ENC00307,ENH00157
621,621,ENS00779,ENC00014,ENH00157
622,622,ENS00780,ENC00231,ENH00157
623,623,ENS00781,ENC00129,ENH00157
624,624,ENS00783,ENC00004,ENH00082
625,625,ENS00784,ENC00005,ENH00082
626,626,ENS00785,ENC00004,ENH00346
627,627,ENS00786,ENC00005,ENH00416
628,628,ENS00787,ENC00005,ENH00417
629,629,ENS00788,ENC00005,ENH00437
630,630,ENS00789,ENC00005,ENH00031
631,631,ENS00790,ENC00005,ENH00185
632,632,ENS00791,ENC00005,ENH00438
633,633,ENS00792,ENC00005,ENH00100
634,634,ENS00793,ENC00041,ENH00100
635,635,ENS00794,ENC00009,ENH00100
636,636,ENS00795,ENC00122,ENH00100
637,637,ENS00796,ENC00005,ENH00127
638,638,ENS00797,ENC00078,ENH00326
639,639,ENS00798,ENC00078,ENH00266
640,640,ENS00800,ENC00093,ENH00338
641,641,ENS00801,ENC00093,ENH00315
642,642,ENS00802,ENC00018,ENH00232
643,643,ENS00803,ENC00249,ENH00232
644,644,ENS00804,ENC00247,ENH00232
645,645,ENS00805,ENC00216,ENH00232
646,646,ENS00806,ENC00284,ENH00445
647,647,ENS00808,ENC00231,ENH00395
648,648,ENS00809,ENC00283,ENH00395
649,649,ENS00810,ENC00216,ENH00395
650,650,ENS00811,ENC00074,ENH00395
651,651,ENS00812,ENC00128,ENH00395
652,652,ENS00813,ENC00250,ENH00395
653,653,ENS00814,ENC00219,ENH00395
654,654,ENS00815,ENC00005,ENH00395
655,655,ENS00817,ENC00018,ENH00450
656,656,ENS00825,ENC00093,ENH00450
657,657,ENS00826,ENC00325,ENH00450
658,658,ENS00827,ENC00013,ENH00450
659,659,ENS00828,ENC00096,ENH00357
660,660,ENS00829,ENC00216,ENH00357
661,661,ENS00830,ENC00250,ENH00453
662,662,ENS00831,ENC00093,ENH00453
663,663,ENS00832,ENC00096,ENH00453
664,664,ENS00833,ENC00150,ENH00453
665,665,ENS00834,ENC00250,ENH00435
666,666,ENS00835,ENC00093,ENH00435
667,667,ENS00836,ENC00112,ENH00435
668,668,ENS00837,ENC00152,ENH00435
669,669,ENS00838,ENC00125,ENH00435
670,670,ENS00839,ENC00013,ENH00435
671,671,ENS00841,ENC00250,ENH00455
672,672,ENS00843,ENC00014,ENH00456
673,673,ENS00846,ENC00140,ENH00456
674,674,ENS00847,ENC00249,ENH00456
675,675,ENS00848,ENC00130,ENH00456
676,676,ENS00849,ENC00250,ENH00457
677,677,ENS00850,ENC00125,ENH00457
678,678,ENS00851,ENC00283,ENH00457
679,679,ENS00852,ENC00263,ENH00454
680,680,ENS00853,ENC00014,ENH00454
681,681,ENS00854,ENC00207,ENH00454
682,682,ENS00855,ENC00018,ENH00454
683,683,ENS00857,ENC00231,ENH00454
684,684,ENS00858,ENC00093,ENH00458
685,685,ENS00859,ENC00283,ENH00458
686,686,ENS00860,ENC00074,ENH00458
687,687,ENS00863,ENC00125,ENH00459
688,688,ENS00864,ENC00250,ENH00459
689,689,ENS00865,ENC00093,ENH00459
690,690,ENS00866,ENC00283,ENH00459
691,691,ENS00867,ENC00222,ENH00459
692,692,ENS00868,ENC00231,ENH00459
693,693,ENS00869,ENC00013,ENH00459
694,694,ENS00870,ENC00284,ENH00459
695,695,ENS00871,ENC00074,ENH00459
696,696,ENS00872,ENC00093,ENH00451
697,697,ENS00873,ENC00093,ENH00189
698,698,ENS00874,ENC00093,ENH00218
699,699,ENS00875,ENC00096,ENH00165
700,700,ENS00876,ENC00093,ENH00251
701,701,ENS00877,ENC00093,ENH00249
702,702,ENS00878,ENC00093,ENH00200
703,703,ENS00879,ENC00093,ENH00185
704,704,ENS00880,ENC00093,ENH00306
705,705,ENS00881,ENC00093,ENH00244
706,706,ENS00882,ENC00093,ENH00231
707,707,ENS00883,ENC00093,ENH00140
708,708,ENS00884,empty0,empty0
